school_name,accountability_year,organization_code,district_name,chronic_absenteeism_rate
"100 Academy ES",2018-2019,02093,Clark,15.6
"100 Academy ES",2020-2021,02093,Clark,16.9
"100 Academy ES",2021-2022,02093,Clark,45.8
"100 Academy ES",2022-2023,02093,Clark,44.6
"100 Academy ES",2023-2024,02093,Clark,39.1
"100 Academy MS",2018-2019,02364,Clark,15.6
"100 Academy MS",2020-2021,02364,Clark,18.8
"100 Academy MS",2021-2022,02364,Clark,32.1
"100 Academy MS",2022-2023,02364,Clark,47.0
"100 Academy MS",2023-2024,02364,Clark,32.1
"Abston, Sandra B ES",2020-2021,02061,Clark,18.7
"Abston, Sandra B ES",2021-2022,02061,Clark,41.4
"Abston, Sandra B ES",2022-2023,02061,Clark,35.4
"Abston, Sandra B ES",2023-2024,02061,Clark,31.7
"Acceleration Academy",2020-2021,02716,Clark,<5
"Acceleration Academy",2021-2022,02716,Clark,-
"Acceleration Academy",2022-2023,02716,Clark,-
"Acceleration Academy",2023-2024,02716,Clark,-
"Acceleration Academy",2024-2025,02716,Clark,-
"Adams ES",2018-2019,02131,Clark,18.2
"Adams ES",2020-2021,02131,Clark,15.3
"Adams ES",2021-2022,02131,Clark,33.6
"Adams ES",2022-2023,02131,Clark,40.9
"Adams ES",2023-2024,02131,Clark,25.8
"Adcock ES",2018-2019,02231,Clark,17.7
"Adcock ES",2020-2021,02231,Clark,22.1
"Adcock ES",2021-2022,02231,Clark,36.8
"Adcock ES",2022-2023,02231,Clark,36.4
"Adcock ES",2023-2024,02231,Clark,37.4
"Addeliar D Guy III Elementary School",2024-2025,02161,Clark,31.1
"Aggie Roberts Elementary School",2024-2025,02150,Clark,24.5
"Alamo ES",2018-2019,02178,Clark,12.7
"Alamo ES",2020-2021,02178,Clark,10.8
"Alamo ES",2021-2022,02178,Clark,32.1
"Alamo ES",2022-2023,02178,Clark,27.5
"Alamo ES",2023-2024,02178,Clark,23.2
"Aldeane Comito Ries Elementary School",2024-2025,02194,Clark,26.9
"Allen ES",2018-2019,02151,Clark,12.6
"Allen ES",2020-2021,02151,Clark,15.4
"Allen ES",2021-2022,02151,Clark,29.4
"Allen ES",2022-2023,02151,Clark,30.3
"Allen ES",2023-2024,02151,Clark,25.3
"Andrew Mitchell Elementary School",2024-2025,02250,Clark,19.7
"Ann Lynch Elementary School",2024-2025,02115,Clark,36.7
"Anthony Saville Middle School",2024-2025,02354,Clark,28.5
"Antonello ES",2018-2019,02140,Clark,16.2
"Antonello ES",2020-2021,02140,Clark,42.1
"Antonello ES",2021-2022,02140,Clark,53.0
"Antonello ES",2022-2023,02140,Clark,37.5
"Antonello ES",2023-2024,02140,Clark,32.8
"Arturo Cambeiro Elementary School",2024-2025,02155,Clark,33.5
"B Mahlon Brown Junior High School",2024-2025,02319,Clark,37.4
"Bailey (Sister) ES",2018-2019,02095,Clark,21.2
"Bailey (Sister) ES",2020-2021,02095,Clark,21.7
"Bailey (Sister) ES",2021-2022,02095,Clark,41.2
"Bailey (Sister) ES",2022-2023,02095,Clark,40.1
"Bailey (Sister) ES",2023-2024,02095,Clark,38.1
"Bailey MS",2018-2019,02357,Clark,29.8
"Bailey MS",2020-2021,02357,Clark,66.1
"Bailey MS",2021-2022,02357,Clark,54.5
"Bailey MS",2022-2023,02357,Clark,57.9
"Bailey MS",2023-2024,02357,Clark,41.9
"Barbara & Hank Greenspun Junior High School",2024-2025,02324,Clark,26.3
"Barry and June Gunderson Middle School",2024-2025,02368,Clark,20.8
"Bartlett ES",2018-2019,02137,Clark,9.7
"Bartlett ES",2020-2021,02137,Clark,15.7
"Bartlett ES",2021-2022,02137,Clark,30.1
"Bartlett ES",2022-2023,02137,Clark,25.6
"Bartlett ES",2023-2024,02137,Clark,20.9
"Bass ES",2018-2019,02280,Clark,14.8
"Bass ES",2020-2021,02280,Clark,16.6
"Bass ES",2021-2022,02280,Clark,39.5
"Bass ES",2022-2023,02280,Clark,28.6
"Bass ES",2023-2024,02280,Clark,20.8
"Batterman ES",2018-2019,02193,Clark,8.4
"Batterman ES",2020-2021,02193,Clark,10.6
"Batterman ES",2021-2022,02193,Clark,28.4
"Batterman ES",2022-2023,02193,Clark,27.5
"Batterman ES",2023-2024,02193,Clark,19.3
"Beatty ES",2018-2019,02108,Clark,16.6
"Beatty ES",2020-2021,02108,Clark,23.8
"Beatty ES",2021-2022,02108,Clark,36.3
"Beatty ES",2022-2023,02108,Clark,35.2
"Beatty ES",2023-2024,02108,Clark,34.8
"Becker MS",2018-2019,02327,Clark,10.9
"Becker MS",2020-2021,02327,Clark,22.0
"Becker MS",2021-2022,02327,Clark,42.1
"Becker MS",2022-2023,02327,Clark,29.3
"Becker MS",2023-2024,02327,Clark,15.7
"Beckley ES",2018-2019,02248,Clark,19.9
"Beckley ES",2020-2021,02248,Clark,26.6
"Beckley ES",2021-2022,02248,Clark,41.8
"Beckley ES",2022-2023,02248,Clark,42.8
"Beckley ES",2023-2024,02248,Clark,39.9
"Bell ES",2018-2019,02236,Clark,27.6
"Bell ES",2020-2021,02236,Clark,34.5
"Bell ES",2021-2022,02236,Clark,52.2
"Bell ES",2022-2023,02236,Clark,46.7
"Bell ES",2023-2024,02236,Clark,40.9
"Bendorf ES",2018-2019,02138,Clark,15.0
"Bendorf ES",2020-2021,02138,Clark,18.1
"Bendorf ES",2021-2022,02138,Clark,43.7
"Bendorf ES",2022-2023,02138,Clark,38.2
"Bendorf ES",2023-2024,02138,Clark,31.9
"Bennett ES",2018-2019,02292,Clark,27.2
"Bennett ES",2020-2021,02292,Clark,60.9
"Bennett ES",2021-2022,02292,Clark,54.3
"Bennett ES",2022-2023,02292,Clark,44.9
"Bennett ES",2023-2024,02292,Clark,36.1
"Berkeley L Bunker Elementary School",2024-2025,02163,Clark,30.3
"Berkley ES",2018-2019,02070,Clark,15.8
"Berkley ES",2020-2021,02070,Clark,16.0
"Berkley ES",2021-2022,02070,Clark,38.0
"Berkley ES",2022-2023,02070,Clark,30.5
"Berkley ES",2023-2024,02070,Clark,25.0
"Bertha Ronzone Elementary School",2024-2025,02201,Clark,28.4
"Betsy Rhodes Elementary School",2024-2025,02160,Clark,23.8
"Bilbray ES",2018-2019,02271,Clark,11.5
"Bilbray ES",2020-2021,02271,Clark,13.1
"Bilbray ES",2021-2022,02271,Clark,23.1
"Bilbray ES",2022-2023,02271,Clark,27.9
"Bilbray ES",2023-2024,02271,Clark,21.2
"Bill Y Tomiyasu Elementary School",2024-2025,02265,Clark,26.9
"Billy & Rosemary Vassiliadis Elementary School",2024-2025,02069,Clark,9.7
"Blackhurst ES",2018-2019,02068,Clark,10.6
"Blackhurst ES",2020-2021,02068,Clark,5.4
"Blackhurst ES",2021-2022,02068,Clark,26.4
"Blackhurst ES",2022-2023,02068,Clark,22.6
"Blackhurst ES",2023-2024,02068,Clark,17.6
"Blue Diamond Elementary School",2024-2025,02101,Clark,31.8
"Blue Diamond ES",2018-2019,02101,Clark,17.1
"Blue Diamond ES",2020-2021,02101,Clark,<5
"Blue Diamond ES",2021-2022,02101,Clark,25.0
"Blue Diamond ES",2022-2023,02101,Clark,21.6
"Blue Diamond ES",2023-2024,02101,Clark,30.8
"Bob Miller Middle School",2024-2025,02338,Clark,18.0
"Bonner ES",2018-2019,02157,Clark,10.1
"Bonner ES",2020-2021,02157,Clark,6.0
"Bonner ES",2021-2022,02157,Clark,23.1
"Bonner ES",2022-2023,02157,Clark,15.6
"Bonner ES",2023-2024,02157,Clark,11.8
"Booker ES",2018-2019,02211,Clark,21.5
"Booker ES",2020-2021,02211,Clark,35.6
"Booker ES",2021-2022,02211,Clark,51.7
"Booker ES",2022-2023,02211,Clark,42.3
"Booker ES",2023-2024,02211,Clark,28.4
"Bowler (Grant) ES",2018-2019,02279,Clark,17.9
"Bowler (Grant) ES",2020-2021,02279,Clark,18.5
"Bowler (Grant) ES",2021-2022,02279,Clark,46.7
"Bowler (Grant) ES",2022-2023,02279,Clark,36.8
"Bowler (Grant) ES",2023-2024,02279,Clark,26.3
"Bowler (Joseph) ES",2018-2019,02159,Clark,16.6
"Bowler (Joseph) ES",2020-2021,02159,Clark,26.6
"Bowler (Joseph) ES",2021-2022,02159,Clark,47.2
"Bowler (Joseph) ES",2022-2023,02159,Clark,33.5
"Bowler (Joseph) ES",2023-2024,02159,Clark,31.1
"Bozarth ES",2018-2019,02081,Clark,9.0
"Bozarth ES",2020-2021,02081,Clark,6.2
"Bozarth ES",2021-2022,02081,Clark,21.3
"Bozarth ES",2022-2023,02081,Clark,21.3
"Bozarth ES",2023-2024,02081,Clark,18.3
"Bracken ES",2018-2019,02246,Clark,<5
"Bracken ES",2020-2021,02246,Clark,8.6
"Bracken ES",2021-2022,02246,Clark,26.6
"Bracken ES",2022-2023,02246,Clark,18.9
"Bracken ES",2023-2024,02246,Clark,9.9
"Brian & Teri Cram Middle School",2024-2025,02342,Clark,31.9
"Bridger MS",2018-2019,02307,Clark,14.7
"Bridger MS",2020-2021,02307,Clark,37.9
"Bridger MS",2021-2022,02307,Clark,42.6
"Bridger MS",2022-2023,02307,Clark,44.8
"Bridger MS",2023-2024,02307,Clark,33.9
"Brinley MS",2018-2019,02306,Clark,31.4
"Brinley MS",2020-2021,02306,Clark,44.1
"Brinley MS",2021-2022,02306,Clark,47.1
"Brinley MS",2022-2023,02306,Clark,45.5
"Brinley MS",2023-2024,02306,Clark,39.5
"Brookman ES",2018-2019,02179,Clark,10.9
"Brookman ES",2020-2021,02179,Clark,18.4
"Brookman ES",2021-2022,02179,Clark,34.2
"Brookman ES",2022-2023,02179,Clark,32.4
"Brookman ES",2023-2024,02179,Clark,26.9
"Brown JHS",2018-2019,02319,Clark,20.7
"Brown JHS",2020-2021,02319,Clark,40.6
"Brown JHS",2021-2022,02319,Clark,40.6
"Brown JHS",2022-2023,02319,Clark,39.7
"Brown JHS",2023-2024,02319,Clark,39.7
"Brown, Hannah Marie ES",2021-2022,02501,Clark,16.7
"Brown, Hannah Marie ES",2022-2023,02501,Clark,15.9
"Brown, Hannah Marie ES",2023-2024,02501,Clark,17.3
"Bruner ES",2018-2019,02147,Clark,21.0
"Bruner ES",2020-2021,02147,Clark,13.5
"Bruner ES",2021-2022,02147,Clark,48.3
"Bruner ES",2022-2023,02147,Clark,46.3
"Bruner ES",2023-2024,02147,Clark,39.6
"Bryan (Richard) ES",2018-2019,02148,Clark,13.2
"Bryan (Richard) ES",2020-2021,02148,Clark,12.7
"Bryan (Richard) ES",2021-2022,02148,Clark,29.4
"Bryan (Richard) ES",2022-2023,02148,Clark,26.1
"Bryan (Richard) ES",2023-2024,02148,Clark,23.5
"Bryan (Roger) ES",2018-2019,02156,Clark,19.0
"Bryan (Roger) ES",2020-2021,02156,Clark,17.0
"Bryan (Roger) ES",2021-2022,02156,Clark,35.0
"Bryan (Roger) ES",2022-2023,02156,Clark,37.8
"Bryan (Roger) ES",2023-2024,02156,Clark,34.8
"Bunker ES",2018-2019,02163,Clark,18.4
"Bunker ES",2020-2021,02163,Clark,32.5
"Bunker ES",2021-2022,02163,Clark,40.0
"Bunker ES",2022-2023,02163,Clark,33.0
"Bunker ES",2023-2024,02163,Clark,33.9
"Burkholder MS",2018-2019,02313,Clark,22.8
"Burkholder MS",2020-2021,02313,Clark,53.4
"Burkholder MS",2021-2022,02313,Clark,44.5
"Burkholder MS",2022-2023,02313,Clark,46.0
"Burkholder MS",2023-2024,02313,Clark,40.1
"C C Ronnow Elementary School",2024-2025,02203,Clark,24.2
"C H Decker Elementary School",2024-2025,02269,Clark,23.2
"C P Squires Elementary School",2024-2025,02204,Clark,30.0
"C T Sewell Elementary School",2024-2025,02251,Clark,31.9
"C W Woodbury Middle School",2024-2025,02314,Clark,37.8
"Cadwallader MS",2018-2019,02348,Clark,11.8
"Cadwallader MS",2020-2021,02348,Clark,28.6
"Cadwallader MS",2021-2022,02348,Clark,28.6
"Cadwallader MS",2022-2023,02348,Clark,25.1
"Cadwallader MS",2023-2024,02348,Clark,21.4
"Cahlan ES",2018-2019,02225,Clark,18.0
"Cahlan ES",2020-2021,02225,Clark,28.2
"Cahlan ES",2021-2022,02225,Clark,35.4
"Cahlan ES",2022-2023,02225,Clark,44.1
"Cahlan ES",2023-2024,02225,Clark,36.9
"Cambeiro ES",2018-2019,02155,Clark,20.7
"Cambeiro ES",2020-2021,02155,Clark,60.7
"Cambeiro ES",2021-2022,02155,Clark,47.7
"Cambeiro ES",2022-2023,02155,Clark,44.7
"Cambeiro ES",2023-2024,02155,Clark,39.9
"Canarelli MS",2018-2019,02349,Clark,12.8
"Canarelli MS",2020-2021,02349,Clark,30.6
"Canarelli MS",2021-2022,02349,Clark,31.2
"Canarelli MS",2022-2023,02349,Clark,28.3
"Canarelli MS",2023-2024,02349,Clark,27.0
"Cannon JHS",2018-2019,02316,Clark,23.4
"Cannon JHS",2020-2021,02316,Clark,43.9
"Cannon JHS",2021-2022,02316,Clark,47.4
"Cannon JHS",2022-2023,02316,Clark,40.0
"Cannon JHS",2023-2024,02316,Clark,37.9
"Carl ES",2018-2019,02171,Clark,12.5
"Carl ES",2020-2021,02171,Clark,21.4
"Carl ES",2021-2022,02171,Clark,31.8
"Carl ES",2022-2023,02171,Clark,28.2
"Carl ES",2023-2024,02171,Clark,22.4
"Carolyn S Reedom Elementary School",2024-2025,02084,Clark,28.0
"Carroll M Johnston STEM Academy of Environmental Studies",2024-2025,02359,Clark,32.9
"Carson ES",2018-2019,02219,Clark,15.0
"Carson ES",2020-2021,02219,Clark,22.9
"Carson ES",2021-2022,02219,Clark,37.5
"Carson ES",2022-2023,02219,Clark,21.7
"Carson ES",2023-2024,02219,Clark,21.1
"Cartwright ES",2018-2019,02158,Clark,16.1
"Cartwright ES",2020-2021,02158,Clark,25.0
"Cartwright ES",2021-2022,02158,Clark,47.0
"Cartwright ES",2022-2023,02158,Clark,24.5
"Cartwright ES",2023-2024,02158,Clark,8.4
"Cashman MS",2018-2019,02304,Clark,25.5
"Cashman MS",2020-2021,02304,Clark,50.2
"Cashman MS",2021-2022,02304,Clark,44.6
"Cashman MS",2022-2023,02304,Clark,44.5
"Cashman MS",2023-2024,02304,Clark,44.4
"CC Detention",2018-2019,02777,Clark,-
"CC Detention",2020-2021,02777,Clark,<5
"CC Detention",2021-2022,02777,Clark,-
"CC Detention",2022-2023,02777,Clark,-
"CC Detention",2023-2024,02777,Clark,-
"Centennial High School",2024-2025,02607,Clark,37.2
"Centennial HS",2018-2019,02607,Clark,27.2
"Centennial HS",2020-2021,02607,Clark,50.6
"Centennial HS",2021-2022,02607,Clark,51.1
"Centennial HS",2022-2023,02607,Clark,41.5
"Centennial HS",2023-2024,02607,Clark,38.1
"Charles & Phyllis Frias Elementary School",2024-2025,02272,Clark,17.2
"Charles Arthur Hughes Middle School",2024-2025,02350,Clark,29.9
"Charles Silvestri Junior High School",2024-2025,02334,Clark,26.9
"Charlotte & Jerry Keller Elementary School",2024-2025,02079,Clark,19.6
"Charlotte Hill Elementary School",2024-2025,02122,Clark,26.0
"Christensen ES",2018-2019,02109,Clark,22.7
"Christensen ES",2020-2021,02109,Clark,21.7
"Christensen ES",2021-2022,02109,Clark,44.2
"Christensen ES",2022-2023,02109,Clark,42.0
"Christensen ES",2023-2024,02109,Clark,37.2
"Clark County Detention Center JR/SR High School",2024-2025,02777,Clark,-
"Claude & Stella Parson Elementary School",2024-2025,02110,Clark,35.3
"Clifford J Lawrence Junior High School",2024-2025,02337,Clark,28.0
"Clifford O Findlay Middle School",2024-2025,02352,Clark,41.1
"Clyde C Cox Elementary School",2024-2025,02293,Clark,28.5
"Conners ES",2018-2019,02184,Clark,17.9
"Conners ES",2020-2021,02184,Clark,13.7
"Conners ES",2021-2022,02184,Clark,39.6
"Conners ES",2022-2023,02184,Clark,40.7
"Conners ES",2023-2024,02184,Clark,30.8
"Cortez ES",2018-2019,02165,Clark,23.9
"Cortez ES",2020-2021,02165,Clark,38.9
"Cortez ES",2021-2022,02165,Clark,54.2
"Cortez ES",2022-2023,02165,Clark,46.3
"Cortez ES",2023-2024,02165,Clark,35.2
"Cortney JHS",2018-2019,02335,Clark,26.4
"Cortney JHS",2020-2021,02335,Clark,58.9
"Cortney JHS",2021-2022,02335,Clark,49.7
"Cortney JHS",2022-2023,02335,Clark,50.2
"Cortney JHS",2023-2024,02335,Clark,48.2
"Cowan Academic Center JR/SR High School",2024-2025,02932,Clark,61.6
"Cowan Behavior Jr/Sr HS",2018-2019,02932,Clark,76.2
"Cowan Behavior Jr/Sr HS",2020-2021,02932,Clark,88.9
"Cowan Behavior Jr/Sr HS",2021-2022,02932,Clark,71.6
"Cowan Behavior Jr/Sr HS",2022-2023,02932,Clark,71.8
"Cowan Behavior Jr/Sr HS",2023-2024,02932,Clark,75.6
"Cox (Clyde) ES",2018-2019,02293,Clark,24.7
"Cox (Clyde) ES",2020-2021,02293,Clark,29.2
"Cox (Clyde) ES",2021-2022,02293,Clark,43.0
"Cox (Clyde) ES",2022-2023,02293,Clark,40.1
"Cox (Clyde) ES",2023-2024,02293,Clark,33.2
"Cox (David) ES",2018-2019,02126,Clark,14.8
"Cox (David) ES",2020-2021,02126,Clark,11.3
"Cox (David) ES",2021-2022,02126,Clark,23.5
"Cox (David) ES",2022-2023,02126,Clark,24.0
"Cox (David) ES",2023-2024,02126,Clark,18.4
"Cozine ES",2018-2019,02180,Clark,17.8
"Cozine ES",2020-2021,02180,Clark,19.8
"Cozine ES",2021-2022,02180,Clark,43.2
"Cozine ES",2022-2023,02180,Clark,36.9
"Cozine ES",2023-2024,02180,Clark,28.7
"Craig ES",2018-2019,02223,Clark,34.3
"Craig ES",2020-2021,02223,Clark,47.5
"Craig ES",2021-2022,02223,Clark,53.4
"Craig ES",2022-2023,02223,Clark,54.6
"Craig ES",2023-2024,02223,Clark,50.5
"Cram MS",2018-2019,02342,Clark,17.4
"Cram MS",2020-2021,02342,Clark,24.1
"Cram MS",2021-2022,02342,Clark,26.9
"Cram MS",2022-2023,02342,Clark,38.4
"Cram MS",2023-2024,02342,Clark,36.2
"Crestwood Elementary School",2024-2025,02205,Clark,15.9
"Crestwood ES",2018-2019,02205,Clark,18.7
"Crestwood ES",2020-2021,02205,Clark,8.5
"Crestwood ES",2021-2022,02205,Clark,42.2
"Crestwood ES",2022-2023,02205,Clark,38.7
"Crestwood ES",2023-2024,02205,Clark,22.1
"Culley ES",2018-2019,02233,Clark,16.3
"Culley ES",2020-2021,02233,Clark,31.5
"Culley ES",2021-2022,02233,Clark,44.7
"Culley ES",2022-2023,02233,Clark,29.9
"Culley ES",2023-2024,02233,Clark,29.9
"Cunningham ES",2018-2019,02125,Clark,29.6
"Cunningham ES",2020-2021,02125,Clark,56.8
"Cunningham ES",2021-2022,02125,Clark,53.3
"Cunningham ES",2022-2023,02125,Clark,50.5
"Cunningham ES",2023-2024,02125,Clark,40.5
"CVT Gilbert Elementary School",2024-2025,02206,Clark,18.0
"Cynthia Cunningham Elementary School",2024-2025,02125,Clark,45.0
"Cyril Wengert Elementary School",2024-2025,02259,Clark,22.8
"D L Dusty Dickens Elementary School",2024-2025,02094,Clark,26.8
"Dailey ES",2018-2019,02130,Clark,19.7
"Dailey ES",2020-2021,02130,Clark,19.7
"Dailey ES",2021-2022,02130,Clark,37.3
"Dailey ES",2022-2023,02130,Clark,29.9
"Dailey ES",2023-2024,02130,Clark,33.7
"Daniel Goldfarb Elementary School",2024-2025,02153,Clark,28.4
"Darnell ES",2018-2019,02172,Clark,11.7
"Darnell ES",2020-2021,02172,Clark,18.1
"Darnell ES",2021-2022,02172,Clark,42.2
"Darnell ES",2022-2023,02172,Clark,42.6
"Darnell ES",2023-2024,02172,Clark,39.4
"David M Cox Elementary School",2024-2025,02126,Clark,19.1
"Dean LaMar Allen Elementary School",2024-2025,02151,Clark,26.6
"Dean Petersen Elementary School",2024-2025,02289,Clark,42.8
"Dearing ES",2018-2019,02220,Clark,20.9
"Dearing ES",2020-2021,02220,Clark,41.9
"Dearing ES",2021-2022,02220,Clark,49.3
"Dearing ES",2022-2023,02220,Clark,52.8
"Dearing ES",2023-2024,02220,Clark,43.6
"Decker ES",2018-2019,02269,Clark,16.7
"Decker ES",2020-2021,02269,Clark,23.4
"Decker ES",2021-2022,02269,Clark,45.1
"Decker ES",2022-2023,02269,Clark,39.7
"Decker ES",2023-2024,02269,Clark,32.1
"Del E Webb Middle School",2024-2025,02355,Clark,22.3
"Dell H Robison Middle School",2024-2025,02315,Clark,17.7
"Delta Academy",2018-2019,02621,Clark,17.3
"Delta Academy",2020-2021,02621,Clark,<5
"Delta Academy",2021-2022,02621,Clark,9.0
"Delta Academy",2022-2023,02621,Clark,10.4
"Delta Academy",2023-2024,02621,Clark,11.6
"Dennis Ortwein Elementary ",2018-2019,02065,Clark,10.0
"Dennis Ortwein Elementary ",2020-2021,02065,Clark,18.0
"Dennis Ortwein Elementary ",2021-2022,02065,Clark,35.4
"Dennis Ortwein Elementary ",2022-2023,02065,Clark,29.9
"Dennis Ortwein Elementary ",2023-2024,02065,Clark,26.3
"Dennis Ortwein Elementary School",2024-2025,02065,Clark,23.5
"Derfelt ES",2018-2019,02124,Clark,23.5
"Derfelt ES",2020-2021,02124,Clark,28.7
"Derfelt ES",2021-2022,02124,Clark,45.1
"Derfelt ES",2022-2023,02124,Clark,43.5
"Derfelt ES",2023-2024,02124,Clark,34.5
"Desert Willow Elementary School",2024-2025,02926,Clark,-
"Desert Willow ES",2023-2024,02926,Clark,-
"Desert Willow JR/SR High School",2024-2025,02927,Clark,7.5
"Desert Willow Secondary",2018-2019,02927,Clark,32.5
"Desert Willow Secondary",2020-2021,02927,Clark,14.0
"Desert Willow Secondary",2021-2022,02927,Clark,11.4
"Desert Willow Secondary",2022-2023,02927,Clark,<5
"Desert Willow Secondary",2023-2024,02927,Clark,8.1
"Deskin ES",2018-2019,02106,Clark,21.3
"Deskin ES",2020-2021,02106,Clark,27.5
"Deskin ES",2021-2022,02106,Clark,40.7
"Deskin ES",2022-2023,02106,Clark,40.7
"Deskin ES",2023-2024,02106,Clark,34.2
"Detwiler ES",2018-2019,02300,Clark,26.1
"Detwiler ES",2020-2021,02300,Clark,47.1
"Detwiler ES",2021-2022,02300,Clark,48.9
"Detwiler ES",2022-2023,02300,Clark,41.9
"Detwiler ES",2023-2024,02300,Clark,38.1
"Diaz ES",2018-2019,02085,Clark,12.5
"Diaz ES",2020-2021,02085,Clark,24.6
"Diaz ES",2021-2022,02085,Clark,39.7
"Diaz ES",2022-2023,02085,Clark,29.4
"Diaz ES",2023-2024,02085,Clark,27.4
"Dickens ES",2018-2019,02094,Clark,24.1
"Dickens ES",2020-2021,02094,Clark,38.8
"Dickens ES",2021-2022,02094,Clark,45.6
"Dickens ES",2022-2023,02094,Clark,41.4
"Dickens ES",2023-2024,02094,Clark,34.2
"Diskin ES",2018-2019,02263,Clark,23.6
"Diskin ES",2020-2021,02263,Clark,15.1
"Diskin ES",2021-2022,02263,Clark,38.5
"Diskin ES",2022-2023,02263,Clark,36.3
"Diskin ES",2023-2024,02263,Clark,28.3
"Don & Dee Snyder Elementary School",2024-2025,02074,Clark,24.5
"Don E Hayden Elementary School",2024-2025,02199,Clark,35.5
"Dondero ES",2018-2019,02266,Clark,18.0
"Dondero ES",2020-2021,02266,Clark,24.1
"Dondero ES",2021-2022,02266,Clark,34.0
"Dondero ES",2022-2023,02266,Clark,34.1
"Dondero ES",2023-2024,02266,Clark,24.8
"Dooley ES",2018-2019,02111,Clark,13.4
"Dooley ES",2020-2021,02111,Clark,14.8
"Dooley ES",2021-2022,02111,Clark,31.6
"Dooley ES",2022-2023,02111,Clark,32.1
"Dooley ES",2023-2024,02111,Clark,27.4
"Doris French Elementary School",2024-2025,02268,Clark,21.0
"Doris Hancock Elementary School",2024-2025,02207,Clark,38.3
"Doris M Reed Elementary School",2024-2025,02295,Clark,34.8
"Dorothy Eisenberg Elementary School",2024-2025,02118,Clark,25.0
"Dr Beverly S Mathis Elementary School",2024-2025,02072,Clark,20.0
"Dr C Owen Roundy Elementary School",2024-2025,02096,Clark,23.7
"Dr Claude G Perkins Elementary School",2024-2025,02091,Clark,37.1
"Dr William H Bailey Middle School",2024-2025,02357,Clark,34.1
"Duane D Keller Middle School",2024-2025,02332,Clark,43.2
"Duncan ES",2018-2019,02076,Clark,20.9
"Duncan ES",2020-2021,02076,Clark,32.1
"Duncan ES",2021-2022,02076,Clark,48.8
"Duncan ES",2022-2023,02076,Clark,43.5
"Duncan ES",2023-2024,02076,Clark,32.7
"DVorre & Hal Ober Elementary School",2024-2025,02283,Clark,31.6
"E W Griffith Elementary School",2024-2025,02208,Clark,29.5
"Earl (Ira) ES",2018-2019,02212,Clark,20.7
"Earl (Ira) ES",2020-2021,02212,Clark,40.8
"Earl (Ira) ES",2021-2022,02212,Clark,45.8
"Earl (Ira) ES",2022-2023,02212,Clark,42.1
"Earl (Ira) ES",2023-2024,02212,Clark,33.2
"Earl (Marion) ES",2018-2019,02296,Clark,18.6
"Earl (Marion) ES",2020-2021,02296,Clark,18.9
"Earl (Marion) ES",2021-2022,02296,Clark,36.8
"Earl (Marion) ES",2022-2023,02296,Clark,33.8
"Earl (Marion) ES",2023-2024,02296,Clark,25.5
"Earl N Jenkins Elementary School",2024-2025,02062,Clark,27.9
"Ed Von Tobel Middle School",2024-2025,02301,Clark,36.6
"Edith Garehime Elementary School",2024-2025,02167,Clark,28.9
"Edmundo Eddie Escobedo Sr. Middle School",2024-2025,02361,Clark,33.1
"Edna F Hinman Elementary School",2024-2025,02297,Clark,28.9
"Edwards ES",2018-2019,02267,Clark,17.1
"Edwards ES",2020-2021,02267,Clark,22.6
"Edwards ES",2021-2022,02267,Clark,47.0
"Edwards ES",2022-2023,02267,Clark,45.4
"Edwards ES",2023-2024,02267,Clark,32.8
"Edythe & Lloyd Katz Elementary School",2024-2025,02134,Clark,28.9
"Eileen B Brookman Elementary School",2024-2025,02179,Clark,22.7
"Eileen Conners Elementary School",2024-2025,02184,Clark,22.5
"Eisenberg ES",2018-2019,02118,Clark,20.9
"Eisenberg ES",2020-2021,02118,Clark,18.0
"Eisenberg ES",2021-2022,02118,Clark,38.3
"Eisenberg ES",2022-2023,02118,Clark,31.7
"Eisenberg ES",2023-2024,02118,Clark,30.2
"Elaine Wynn Elementary School",2024-2025,02121,Clark,38.0
"Elbert Edwards Elementary School",2024-2025,02267,Clark,29.7
"Elise L Wolff Elementary School",2024-2025,02287,Clark,16.9
"Elizabeth Wilhelm Elementary School",2024-2025,02149,Clark,33.1
"Elizondo ES",2018-2019,02164,Clark,17.6
"Elizondo ES",2020-2021,02164,Clark,21.3
"Elizondo ES",2021-2022,02164,Clark,44.0
"Elizondo ES",2022-2023,02164,Clark,41.0
"Elizondo ES",2023-2024,02164,Clark,39.3
"Ellis ES",2018-2019,02064,Clark,9.6
"Ellis ES",2020-2021,02064,Clark,5.0
"Ellis ES",2021-2022,02064,Clark,24.9
"Ellis ES",2022-2023,02064,Clark,21.3
"Ellis ES",2023-2024,02064,Clark,18.1
"Elton M Garrett Junior High School",2024-2025,02318,Clark,24.2
"Ernest Becker Middle School",2024-2025,02327,Clark,9.3
"Ernest May Elementary School",2024-2025,02132,Clark,27.8
"Escobedo MS",2018-2019,02361,Clark,17.4
"Escobedo MS",2020-2021,02361,Clark,38.2
"Escobedo MS",2021-2022,02361,Clark,35.0
"Escobedo MS",2022-2023,02361,Clark,35.5
"Escobedo MS",2023-2024,02361,Clark,33.6
"Estes M McDoniel Elementary School",2024-2025,02298,Clark,13.4
"Ethel W Staton Elementary School",2024-2025,02286,Clark,12.7
"Eva G Simmons Elementary School",2024-2025,02189,Clark,23.6
"Eva Wolfe Elementary School",2024-2025,02152,Clark,21.1
"Evelyn Stuckey Elementary School",2024-2025,02078,Clark,20.9
"Explore Knowledge Academy Elementary School",2024-2025,02615,Clark,9.7
"Explore Knowledge Academy JR/SR High School",2024-2025,02616,Clark,5.2
"Explore Knowledge ES",2018-2019,02615,Clark,12.7
"Explore Knowledge ES",2020-2021,02615,Clark,<5
"Explore Knowledge ES",2021-2022,02615,Clark,13.8
"Explore Knowledge ES",2022-2023,02615,Clark,22.2
"Explore Knowledge ES",2023-2024,02615,Clark,15.2
"Explore Knowledge SEC",2018-2019,02616,Clark,13.9
"Explore Knowledge SEC",2020-2021,02616,Clark,<5
"Explore Knowledge SEC",2021-2022,02616,Clark,11.7
"Explore Knowledge SEC",2022-2023,02616,Clark,12.6
"Explore Knowledge SEC",2023-2024,02616,Clark,7.7
"Faiss MS",2018-2019,02362,Clark,12.2
"Faiss MS",2020-2021,02362,Clark,45.9
"Faiss MS",2021-2022,02362,Clark,29.8
"Faiss MS",2022-2023,02362,Clark,36.2
"Faiss MS",2023-2024,02362,Clark,21.6
"Fay Galloway Elementary School",2024-2025,02276,Clark,26.2
"Fay Herron Elementary School",2024-2025,02209,Clark,11.8
"Ferron ES",2018-2019,02257,Clark,17.4
"Ferron ES",2020-2021,02257,Clark,24.7
"Ferron ES",2021-2022,02257,Clark,34.7
"Ferron ES",2022-2023,02257,Clark,31.7
"Ferron ES",2023-2024,02257,Clark,21.7
"Fertitta MS",2018-2019,02347,Clark,17.9
"Fertitta MS",2020-2021,02347,Clark,37.0
"Fertitta MS",2021-2022,02347,Clark,28.6
"Fertitta MS",2022-2023,02347,Clark,21.2
"Fertitta MS",2023-2024,02347,Clark,10.7
"Findlay MS",2018-2019,02352,Clark,25.7
"Findlay MS",2020-2021,02352,Clark,57.5
"Findlay MS",2021-2022,02352,Clark,53.9
"Findlay MS",2022-2023,02352,Clark,48.2
"Findlay MS",2023-2024,02352,Clark,41.2
"Fine ES",2018-2019,02080,Clark,13.2
"Fine ES",2020-2021,02080,Clark,15.6
"Fine ES",2021-2022,02080,Clark,31.3
"Fine ES",2022-2023,02080,Clark,35.4
"Fine ES",2023-2024,02080,Clark,31.8
"Fitzgerald ES",2018-2019,02143,Clark,25.7
"Fitzgerald ES",2020-2021,02143,Clark,57.6
"Fitzgerald ES",2021-2022,02143,Clark,55.2
"Fitzgerald ES",2022-2023,02143,Clark,56.8
"Fitzgerald ES",2023-2024,02143,Clark,46.0
"Fong ES",2018-2019,02119,Clark,25.5
"Fong ES",2020-2021,02119,Clark,43.8
"Fong ES",2021-2022,02119,Clark,55.1
"Fong ES",2022-2023,02119,Clark,50.1
"Fong ES",2023-2024,02119,Clark,38.8
"Forbuss ES",2018-2019,02097,Clark,16.8
"Forbuss ES",2020-2021,02097,Clark,10.2
"Forbuss ES",2021-2022,02097,Clark,35.8
"Forbuss ES",2022-2023,02097,Clark,31.1
"Forbuss ES",2023-2024,02097,Clark,26.2
"Francis H Cortney Junior High School",2024-2025,02335,Clark,41.2
"Frank F Garside Junior High School",2024-2025,02302,Clark,25.6
"Frank Kim Elementary School",2024-2025,02107,Clark,27.4
"Frank Lamping Elementary School",2024-2025,02166,Clark,22.1
"Fredric W Watson Elementary School",2024-2025,02177,Clark,28.6
"Fremont MS",2018-2019,02308,Clark,35.0
"Fremont MS",2020-2021,02308,Clark,30.6
"Fremont MS",2021-2022,02308,Clark,49.4
"Fremont MS",2022-2023,02308,Clark,40.7
"Fremont MS",2023-2024,02308,Clark,19.9
"French ES",2018-2019,02268,Clark,14.7
"French ES",2020-2021,02268,Clark,22.3
"French ES",2021-2022,02268,Clark,46.1
"French ES",2022-2023,02268,Clark,31.5
"French ES",2023-2024,02268,Clark,27.9
"Frias ES",2018-2019,02272,Clark,5.3
"Frias ES",2020-2021,02272,Clark,6.9
"Frias ES",2021-2022,02272,Clark,25.8
"Frias ES",2022-2023,02272,Clark,24.0
"Frias ES",2023-2024,02272,Clark,18.3
"FuturEdge Academy Elementary School",2024-2025,02093,Clark,50.9
"FuturEdge Academy Middle School",2024-2025,02364,Clark,31.7
"Galloway ES",2018-2019,02276,Clark,11.4
"Galloway ES",2020-2021,02276,Clark,22.7
"Galloway ES",2021-2022,02276,Clark,39.4
"Galloway ES",2022-2023,02276,Clark,35.6
"Galloway ES",2023-2024,02276,Clark,30.3
"Garehime ES",2018-2019,02167,Clark,17.9
"Garehime ES",2020-2021,02167,Clark,29.3
"Garehime ES",2021-2022,02167,Clark,38.2
"Garehime ES",2022-2023,02167,Clark,29.6
"Garehime ES",2023-2024,02167,Clark,34.4
"Garrett JHS",2018-2019,02318,Clark,18.3
"Garrett JHS",2020-2021,02318,Clark,31.9
"Garrett JHS",2021-2022,02318,Clark,29.9
"Garrett JHS",2022-2023,02318,Clark,31.6
"Garrett JHS",2023-2024,02318,Clark,23.8
"Garside JHS",2018-2019,02302,Clark,18.7
"Garside JHS",2020-2021,02302,Clark,55.6
"Garside JHS",2021-2022,02302,Clark,43.9
"Garside JHS",2022-2023,02302,Clark,44.1
"Garside JHS",2023-2024,02302,Clark,38.9
"Gehring ES",2018-2019,02181,Clark,7.8
"Gehring ES",2020-2021,02181,Clark,9.3
"Gehring ES",2021-2022,02181,Clark,24.7
"Gehring ES",2022-2023,02181,Clark,11.7
"Gehring ES",2023-2024,02181,Clark,6.9
"Gene Ward Elementary School",2024-2025,02258,Clark,28.0
"George E Harris Elementary School",2024-2025,02262,Clark,34.8
"Gibson (James) ES",2018-2019,02120,Clark,13.4
"Gibson (James) ES",2020-2021,02120,Clark,13.9
"Gibson (James) ES",2021-2022,02120,Clark,35.2
"Gibson (James) ES",2022-2023,02120,Clark,32.9
"Gibson (James) ES",2023-2024,02120,Clark,25.7
"Gibson (Robert) MS",2018-2019,02310,Clark,16.1
"Gibson (Robert) MS",2020-2021,02310,Clark,48.3
"Gibson (Robert) MS",2021-2022,02310,Clark,34.7
"Gibson (Robert) MS",2022-2023,02310,Clark,36.1
"Gibson (Robert) MS",2023-2024,02310,Clark,29.9
"Gilbert ES",2018-2019,02206,Clark,10.0
"Gilbert ES",2020-2021,02206,Clark,15.1
"Gilbert ES",2021-2022,02206,Clark,30.7
"Gilbert ES",2022-2023,02206,Clark,28.9
"Gilbert ES",2023-2024,02206,Clark,24.0
"Givens ES",2018-2019,02185,Clark,9.2
"Givens ES",2020-2021,02185,Clark,6.2
"Givens ES",2021-2022,02185,Clark,25.7
"Givens ES",2022-2023,02185,Clark,17.3
"Givens ES",2023-2024,02185,Clark,15.8
"Glen C Taylor Elementary School",2024-2025,02230,Clark,19.3
"Goldfarb ES",2018-2019,02153,Clark,17.1
"Goldfarb ES",2020-2021,02153,Clark,25.3
"Goldfarb ES",2021-2022,02153,Clark,40.3
"Goldfarb ES",2022-2023,02153,Clark,42.1
"Goldfarb ES",2023-2024,02153,Clark,33.5
"Goodsprings Elementary School",2024-2025,02102,Clark,-
"Goodsprings ES",2018-2019,02102,Clark,44.7
"Goodsprings ES",2020-2021,02102,Clark,41.7
"Goodsprings ES",2021-2022,02102,Clark,-
"Goodsprings ES",2022-2023,02102,Clark,-
"Goodsprings ES",2023-2024,02102,Clark,-
"Goolsby ES",2018-2019,02186,Clark,5.0
"Goolsby ES",2020-2021,02186,Clark,5.5
"Goolsby ES",2021-2022,02186,Clark,16.2
"Goolsby ES",2022-2023,02186,Clark,18.3
"Goolsby ES",2023-2024,02186,Clark,16.0
"Gordon McCaw Elementary School",2024-2025,02249,Clark,8.6
"Goynes ES",2018-2019,02197,Clark,12.5
"Goynes ES",2020-2021,02197,Clark,17.1
"Goynes ES",2021-2022,02197,Clark,35.3
"Goynes ES",2022-2023,02197,Clark,28.6
"Goynes ES",2023-2024,02197,Clark,27.1
"Gragson ES",2018-2019,02275,Clark,18.6
"Gragson ES",2020-2021,02275,Clark,32.4
"Gragson ES",2021-2022,02275,Clark,44.4
"Gragson ES",2022-2023,02275,Clark,51.3
"Gragson ES",2023-2024,02275,Clark,35.9
"Grant Bowler Elementary School",2024-2025,02279,Clark,27.2
"Grant Sawyer Middle School",2024-2025,02328,Clark,23.6
"Gray ES",2018-2019,02278,Clark,21.1
"Gray ES",2020-2021,02278,Clark,30.9
"Gray ES",2021-2022,02278,Clark,47.1
"Gray ES",2022-2023,02278,Clark,31.4
"Gray ES",2023-2024,02278,Clark,31.0
"Greenspun JHS",2018-2019,02324,Clark,15.2
"Greenspun JHS",2020-2021,02324,Clark,29.7
"Greenspun JHS",2021-2022,02324,Clark,31.0
"Greenspun JHS",2022-2023,02324,Clark,30.5
"Greenspun JHS",2023-2024,02324,Clark,27.5
"Griffith ES",2018-2019,02208,Clark,17.5
"Griffith ES",2020-2021,02208,Clark,14.1
"Griffith ES",2021-2022,02208,Clark,27.6
"Griffith ES",2022-2023,02208,Clark,38.1
"Griffith ES",2023-2024,02208,Clark,32.5
"Guinn MS",2018-2019,02317,Clark,17.0
"Guinn MS",2020-2021,02317,Clark,40.9
"Guinn MS",2021-2022,02317,Clark,31.7
"Guinn MS",2022-2023,02317,Clark,29.4
"Guinn MS",2023-2024,02317,Clark,26.3
"Gunderson, Barry and June MS",2021-2022,02368,Clark,30.2
"Gunderson, Barry and June MS",2022-2023,02368,Clark,26.9
"Gunderson, Barry and June MS",2023-2024,02368,Clark,22.1
"Guy ES",2018-2019,02161,Clark,6.1
"Guy ES",2020-2021,02161,Clark,19.2
"Guy ES",2021-2022,02161,Clark,38.1
"Guy ES",2022-2023,02161,Clark,32.1
"Guy ES",2023-2024,02161,Clark,29.5
"Gwendolyn Woolley Elementary School",2024-2025,02116,Clark,32.4
"H P Fitzgerald Elementary School",2024-2025,02143,Clark,42.3
"Hal Smith Elementary School",2024-2025,02284,Clark,46.5
"Halle Hewetson Elementary School",2024-2025,02210,Clark,21.4
"Hancock ES",2018-2019,02207,Clark,29.5
"Hancock ES",2020-2021,02207,Clark,33.7
"Hancock ES",2021-2022,02207,Clark,46.5
"Hancock ES",2022-2023,02207,Clark,43.6
"Hancock ES",2023-2024,02207,Clark,37.7
"Hannah Marie Brown Elementary School",2024-2025,02501,Clark,17.6
"Harley Harmon Elementary School",2024-2025,02261,Clark,26.9
"Harmon ES",2018-2019,02261,Clark,19.2
"Harmon ES",2020-2021,02261,Clark,15.0
"Harmon ES",2021-2022,02261,Clark,40.1
"Harmon ES",2022-2023,02261,Clark,36.1
"Harmon ES",2023-2024,02261,Clark,29.9
"Harney MS",2018-2019,02346,Clark,27.4
"Harney MS",2020-2021,02346,Clark,52.6
"Harney MS",2021-2022,02346,Clark,56.8
"Harney MS",2022-2023,02346,Clark,45.7
"Harney MS",2023-2024,02346,Clark,43.9
"Harriet Treem Elementary School",2024-2025,02127,Clark,23.7
"Harris ES",2018-2019,02262,Clark,17.0
"Harris ES",2020-2021,02262,Clark,20.0
"Harris ES",2021-2022,02262,Clark,46.1
"Harris ES",2022-2023,02262,Clark,46.6
"Harris ES",2023-2024,02262,Clark,37.8
"Harry Reid Elementary School",2024-2025,02104,Clark,21.4
"Harvey N Dondero Elementary School",2024-2025,02266,Clark,25.8
"Hayden ES",2018-2019,02199,Clark,15.9
"Hayden ES",2020-2021,02199,Clark,34.1
"Hayden ES",2021-2022,02199,Clark,43.4
"Hayden ES",2022-2023,02199,Clark,40.5
"Hayden ES",2023-2024,02199,Clark,34.9
"Hayes ES",2018-2019,02168,Clark,16.4
"Hayes ES",2020-2021,02168,Clark,7.4
"Hayes ES",2021-2022,02168,Clark,41.0
"Hayes ES",2022-2023,02168,Clark,26.5
"Hayes ES",2023-2024,02168,Clark,22.5
"Heard Academy ES",2018-2019,02073,Clark,7.5
"Heard Academy ES",2020-2021,02073,Clark,9.4
"Heard Academy ES",2021-2022,02073,Clark,29.8
"Heard Academy ES",2022-2023,02073,Clark,22.5
"Heard Academy ES",2023-2024,02073,Clark,13.5
"Heckethorn ES",2018-2019,02173,Clark,10.4
"Heckethorn ES",2020-2021,02173,Clark,10.7
"Heckethorn ES",2021-2022,02173,Clark,21.9
"Heckethorn ES",2022-2023,02173,Clark,23.1
"Heckethorn ES",2023-2024,02173,Clark,21.2
"Helen Anderson Toland International Academy",2024-2025,02219,Clark,7.8
"Helen C Cannon Junior High School",2024-2025,02316,Clark,33.2
"Helen Herr Elementary School",2024-2025,02129,Clark,24.9
"Helen Jydstrup Elementary School",2024-2025,02135,Clark,23.1
"Helen M Smith Elementary School",2024-2025,02264,Clark,18.6
"Henry & Evelyn Bozarth Elementary School",2024-2025,02081,Clark,18.2
"Herbert A Derfelt Elementary School",2024-2025,02124,Clark,29.6
"Herr ES",2018-2019,02129,Clark,19.2
"Herr ES",2020-2021,02129,Clark,27.5
"Herr ES",2021-2022,02129,Clark,46.9
"Herr ES",2022-2023,02129,Clark,39.3
"Herr ES",2023-2024,02129,Clark,28.3
"Herron ES",2018-2019,02209,Clark,<5
"Herron ES",2020-2021,02209,Clark,14.0
"Herron ES",2021-2022,02209,Clark,25.9
"Herron ES",2022-2023,02209,Clark,19.3
"Herron ES",2023-2024,02209,Clark,12.9
"Hewetson ES",2018-2019,02210,Clark,20.8
"Hewetson ES",2020-2021,02210,Clark,36.2
"Hewetson ES",2021-2022,02210,Clark,45.1
"Hewetson ES",2022-2023,02210,Clark,43.6
"Hewetson ES",2023-2024,02210,Clark,31.3
"Hickey ES",2018-2019,02195,Clark,23.9
"Hickey ES",2020-2021,02195,Clark,38.5
"Hickey ES",2021-2022,02195,Clark,55.2
"Hickey ES",2022-2023,02195,Clark,49.8
"Hickey ES",2023-2024,02195,Clark,35.9
"Hill ES",2018-2019,02122,Clark,19.1
"Hill ES",2020-2021,02122,Clark,11.0
"Hill ES",2021-2022,02122,Clark,33.1
"Hill ES",2022-2023,02122,Clark,33.9
"Hill ES",2023-2024,02122,Clark,27.8
"Hinman ES",2018-2019,02297,Clark,19.0
"Hinman ES",2020-2021,02297,Clark,29.7
"Hinman ES",2021-2022,02297,Clark,41.5
"Hinman ES",2022-2023,02297,Clark,33.7
"Hinman ES",2023-2024,02297,Clark,32.8
"Hoggard ES",2018-2019,02202,Clark,8.6
"Hoggard ES",2020-2021,02202,Clark,5.5
"Hoggard ES",2021-2022,02202,Clark,14.8
"Hoggard ES",2022-2023,02202,Clark,14.8
"Hoggard ES",2023-2024,02202,Clark,9.1
"Hollingsworth ES",2018-2019,02273,Clark,24.5
"Hollingsworth ES",2020-2021,02273,Clark,24.0
"Hollingsworth ES",2021-2022,02273,Clark,47.5
"Hollingsworth ES",2022-2023,02273,Clark,42.2
"Hollingsworth ES",2023-2024,02273,Clark,32.9
"Howard E Heckethorn Elementary School",2024-2025,02173,Clark,24.5
"Howard Hollingsworth Elementary School",2024-2025,02273,Clark,32.1
"Howard Wasden Elementary School",2024-2025,02247,Clark,28.2
"Hughes MS",2018-2019,02350,Clark,18.7
"Hughes MS",2020-2021,02350,Clark,39.5
"Hughes MS",2021-2022,02350,Clark,37.9
"Hughes MS",2022-2023,02350,Clark,26.2
"Hughes MS",2023-2024,02350,Clark,23.8
"Hummel ES",2018-2019,02187,Clark,26.5
"Hummel ES",2020-2021,02187,Clark,22.5
"Hummel ES",2021-2022,02187,Clark,48.6
"Hummel ES",2022-2023,02187,Clark,46.2
"Hummel ES",2023-2024,02187,Clark,36.3
"Hyde Park Middle School",2024-2025,02303,Clark,14.9
"Hyde Park MS",2018-2019,02303,Clark,10.4
"Hyde Park MS",2020-2021,02303,Clark,28.1
"Hyde Park MS",2021-2022,02303,Clark,32.6
"Hyde Park MS",2022-2023,02303,Clark,22.1
"Hyde Park MS",2023-2024,02303,Clark,11.9
"Indian Springs Elementary School",2024-2025,02252,Clark,33.5
"Indian Springs ES",2018-2019,02252,Clark,22.9
"Indian Springs ES",2020-2021,02252,Clark,36.0
"Indian Springs ES",2021-2022,02252,Clark,45.1
"Indian Springs ES",2022-2023,02252,Clark,32.2
"Indian Springs ES",2023-2024,02252,Clark,39.7
"Indian Springs Middle School",2024-2025,02336,Clark,31.4
"Indian Springs MS",2018-2019,02336,Clark,20.8
"Indian Springs MS",2020-2021,02336,Clark,70.1
"Indian Springs MS",2021-2022,02336,Clark,41.8
"Indian Springs MS",2022-2023,02336,Clark,18.6
"Indian Springs MS",2023-2024,02336,Clark,32.2
"Innovations Charter SEC",2018-2019,02363,Clark,22.9
"Innovations Charter SEC",2020-2021,02363,Clark,8.3
"Innovations Charter SEC",2021-2022,02363,Clark,49.0
"Innovations Charter SEC",2022-2023,02363,Clark,50.7
"Innovations Charter SEC",2023-2024,02363,Clark,48.5
"Innovations International Charter Elementary School",2024-2025,02092,Clark,36.1
"Innovations International Charter JR/SR High School",2024-2025,02363,Clark,35.0
"Innovations International ES",2018-2019,02092,Clark,15.7
"Innovations International ES",2020-2021,02092,Clark,<5
"Innovations International ES",2021-2022,02092,Clark,33.7
"Innovations International ES",2022-2023,02092,Clark,46.0
"Innovations International ES",2023-2024,02092,Clark,39.4
"Ira J Earl Elementary School",2024-2025,02212,Clark,29.9
"Irwin & Susan Molasky Junior High School",2024-2025,02333,Clark,34.9
"Iverson ES",2018-2019,02182,Clark,13.5
"Iverson ES",2020-2021,02182,Clark,21.1
"Iverson ES",2021-2022,02182,Clark,32.7
"Iverson ES",2022-2023,02182,Clark,34.0
"Iverson ES",2023-2024,02182,Clark,25.1
"J D Smith Middle School",2024-2025,02305,Clark,40.6
"J E Manch Elementary School",2024-2025,02213,Clark,48.4
"J Harold Brinley Middle School",2024-2025,02306,Clark,33.9
"J M Ullom Elementary School",2024-2025,02214,Clark,31.1
"J Marlan Walker International School Elementary School",2024-2025,02183,Clark,26.7
"J T McWilliams Elementary School",2024-2025,02218,Clark,26.9
"Jack & Terry Mannion Middle School",2024-2025,02353,Clark,18.0
"Jack Dailey Elementary School",2024-2025,02130,Clark,30.3
"Jack Lund Schofield Middle School",2024-2025,02344,Clark,21.5
"Jacobson ES",2018-2019,02123,Clark,22.0
"Jacobson ES",2020-2021,02123,Clark,24.6
"Jacobson ES",2021-2022,02123,Clark,43.7
"Jacobson ES",2022-2023,02123,Clark,43.6
"Jacobson ES",2023-2024,02123,Clark,27.1
"James B McMillan Elementary School",2024-2025,02113,Clark,35.2
"James Bilbray Elementary School",2024-2025,02271,Clark,21.1
"James Cashman Middle School",2024-2025,02304,Clark,20.4
"James E & A Rae Smalley Elementary School",2024-2025,02090,Clark,9.4
"James Gibson Elementary School",2024-2025,02120,Clark,22.4
"Jan L Jones Blackhurst Elementary School",2024-2025,02068,Clark,13.4
"Jay W Jeffers Elementary School",2024-2025,02196,Clark,31.1
"Jeffers ES",2018-2019,02196,Clark,18.3
"Jeffers ES",2020-2021,02196,Clark,51.9
"Jeffers ES",2021-2022,02196,Clark,45.6
"Jeffers ES",2022-2023,02196,Clark,51.2
"Jeffers ES",2023-2024,02196,Clark,38.9
"Jenkins, Earl N ES",2020-2021,02062,Clark,25.5
"Jenkins, Earl N ES",2021-2022,02062,Clark,45.9
"Jenkins, Earl N ES",2022-2023,02062,Clark,39.1
"Jenkins, Earl N ES",2023-2024,02062,Clark,32.4
"Jerome Mack Middle School",2024-2025,02356,Clark,35.9
"Jesse D Scott Elementary School",2024-2025,02086,Clark,33.0
"Jim Bridger Middle School",2024-2025,02307,Clark,23.9
"Jim Thorpe Elementary School",2024-2025,02139,Clark,31.2
"Jo Mackey Elementary School",2024-2025,02217,Clark,13.9
"Jo Mackey Middle School",2024-2025,02369,Clark,8.9
"John C Bass Elementary School",2024-2025,02280,Clark,24.6
"John C Fremont Professional Development Middle School",2024-2025,02308,Clark,10.2
"John Dooley Elementary School",2024-2025,02111,Clark,19.2
"John F Mendoza Elementary School",2024-2025,02112,Clark,25.3
"John F Miller ",2024-2025,02215,Clark,57.4
"John R Beatty Elementary School",2024-2025,02108,Clark,31.8
"John R Hummel Elementary School",2024-2025,02187,Clark,42.1
"John S Park Elementary School",2024-2025,02216,Clark,35.5
"John Tartan Elementary School",2024-2025,02191,Clark,37.3
"John Vanderburg Elementary School",2024-2025,02154,Clark,13.8
"John W Bonner Elementary School",2024-2025,02157,Clark,11.1
"Johnson JHS",2018-2019,02323,Clark,14.5
"Johnson JHS",2020-2021,02323,Clark,30.7
"Johnson JHS",2021-2022,02323,Clark,36.1
"Johnson JHS",2022-2023,02323,Clark,35.1
"Johnson JHS",2023-2024,02323,Clark,28.9
"Johnston MS",2018-2019,02359,Clark,30.2
"Johnston MS",2020-2021,02359,Clark,51.9
"Johnston MS",2021-2022,02359,Clark,51.4
"Johnston MS",2022-2023,02359,Clark,54.5
"Johnston MS",2023-2024,02359,Clark,48.3
"Joseph E Thiriot Elementary School",2024-2025,02192,Clark,20.5
"Joseph L Bowler Elementary School",2024-2025,02159,Clark,25.1
"Joseph M Neal Elementary School",2024-2025,02170,Clark,22.7
"Josh Stevens Elementary School",2024-2025,02071,Clark,31.0
"Judith D Steele Elementary School",2024-2025,02098,Clark,19.7
"Judy & John L Goolsby Elementary School",2024-2025,02186,Clark,15.7
"Justice Myron E Leavitt Middle School",2024-2025,02341,Clark,26.9
"Juvenile Detention 3-12",2018-2019,02912,Clark,-
"Juvenile Detention 3-12",2020-2021,02912,Clark,8.5
"Juvenile Detention 3-12",2021-2022,02912,Clark,12.6
"Juvenile Detention 3-12",2022-2023,02912,Clark,5.7
"Juvenile Detention 3-12",2023-2024,02912,Clark,-
"Juvenile Detention 6-12 JR/SR High School",2024-2025,02912,Clark,-
"Jydstrup ES",2018-2019,02135,Clark,15.3
"Jydstrup ES",2020-2021,02135,Clark,22.9
"Jydstrup ES",2021-2022,02135,Clark,37.2
"Jydstrup ES",2022-2023,02135,Clark,37.9
"Jydstrup ES",2023-2024,02135,Clark,26.0
"K O Knudson Academy of the Arts",2024-2025,02309,Clark,24.3
"Kahre ES",2018-2019,02133,Clark,22.6
"Kahre ES",2020-2021,02133,Clark,26.7
"Kahre ES",2021-2022,02133,Clark,36.6
"Kahre ES",2022-2023,02133,Clark,34.9
"Kahre ES",2023-2024,02133,Clark,35.8
"Kathleen & Tim Harney Middle School",2024-2025,02346,Clark,41.3
"Kathy L Batterman Elementary School",2024-2025,02193,Clark,17.6
"Katz ES",2018-2019,02134,Clark,22.0
"Katz ES",2020-2021,02134,Clark,31.9
"Katz ES",2021-2022,02134,Clark,45.5
"Katz ES",2022-2023,02134,Clark,38.6
"Katz ES",2023-2024,02134,Clark,32.8
"Kay Carl Elementary School",2024-2025,02171,Clark,23.8
"Keith C & Karen W Hayes Elementary School",2024-2025,02168,Clark,20.7
"Keller  ES",2018-2019,02079,Clark,19.7
"Keller  ES",2020-2021,02079,Clark,38.5
"Keller  ES",2021-2022,02079,Clark,42.3
"Keller  ES",2022-2023,02079,Clark,37.0
"Keller  ES",2023-2024,02079,Clark,32.6
"Keller (Duane) MS",2018-2019,02332,Clark,24.2
"Keller (Duane) MS",2020-2021,02332,Clark,56.9
"Keller (Duane) MS",2021-2022,02332,Clark,47.5
"Keller (Duane) MS",2022-2023,02332,Clark,47.7
"Keller (Duane) MS",2023-2024,02332,Clark,45.5
"Kelly ES",2018-2019,02226,Clark,35.2
"Kelly ES",2020-2021,02226,Clark,68.4
"Kelly ES",2021-2022,02226,Clark,57.6
"Kelly ES",2022-2023,02226,Clark,50.8
"Kelly ES",2023-2024,02226,Clark,41.9
"Kenneth Divich Elementary",2018-2019,02067,Clark,13.1
"Kenneth Divich Elementary",2020-2021,02067,Clark,10.5
"Kenneth Divich Elementary",2021-2022,02067,Clark,25.3
"Kenneth Divich Elementary",2022-2023,02067,Clark,20.4
"Kenneth Divich Elementary",2023-2024,02067,Clark,16.1
"Kenneth Divich Elementary School",2024-2025,02067,Clark,17.2
"Kenny C Guinn Middle School",2024-2025,02317,Clark,17.9
"Kermit R Booker Sr Elementary School",2024-2025,02211,Clark,27.2
"Kesterson ES",2018-2019,02169,Clark,9.8
"Kesterson ES",2020-2021,02169,Clark,10.8
"Kesterson ES",2021-2022,02169,Clark,30.7
"Kesterson ES",2022-2023,02169,Clark,27.3
"Kesterson ES",2023-2024,02169,Clark,25.2
"Kim ES",2018-2019,02107,Clark,16.3
"Kim ES",2020-2021,02107,Clark,8.6
"Kim ES",2021-2022,02107,Clark,32.0
"Kim ES",2022-2023,02107,Clark,33.4
"Kim ES",2023-2024,02107,Clark,31.1
"King (Martha) ES",2018-2019,02136,Clark,15.4
"King (Martha) ES",2020-2021,02136,Clark,15.4
"King (Martha) ES",2021-2022,02136,Clark,24.7
"King (Martha) ES",2022-2023,02136,Clark,19.2
"King (Martha) ES",2023-2024,02136,Clark,19.3
"King (Martin Luther Jr) ES",2018-2019,02105,Clark,25.5
"King (Martin Luther Jr) ES",2020-2021,02105,Clark,28.9
"King (Martin Luther Jr) ES",2021-2022,02105,Clark,42.8
"King (Martin Luther Jr) ES",2022-2023,02105,Clark,46.5
"King (Martin Luther Jr) ES",2023-2024,02105,Clark,36.3
"Kirk Adams Elementary School",2024-2025,02131,Clark,22.3
"Kitty McDonough Ward Elementary School",2024-2025,02100,Clark,14.8
"Knudson MS",2018-2019,02309,Clark,12.4
"Knudson MS",2020-2021,02309,Clark,43.7
"Knudson MS",2021-2022,02309,Clark,39.2
"Knudson MS",2022-2023,02309,Clark,39.7
"Knudson MS",2023-2024,02309,Clark,32.2
"Lake ES",2018-2019,02237,Clark,20.7
"Lake ES",2020-2021,02237,Clark,33.2
"Lake ES",2021-2022,02237,Clark,47.5
"Lake ES",2022-2023,02237,Clark,43.7
"Lake ES",2023-2024,02237,Clark,34.2
"Lamping ES",2018-2019,02166,Clark,<5
"Lamping ES",2020-2021,02166,Clark,<5
"Lamping ES",2021-2022,02166,Clark,16.3
"Lamping ES",2022-2023,02166,Clark,19.4
"Lamping ES",2023-2024,02166,Clark,19.2
"Laughlin JR/SR High School",2024-2025,02321,Clark,39.7
"Laughlin Jr/Sr HS",2018-2019,02321,Clark,26.0
"Laughlin Jr/Sr HS",2020-2021,02321,Clark,61.0
"Laughlin Jr/Sr HS",2021-2022,02321,Clark,49.6
"Laughlin Jr/Sr HS",2022-2023,02321,Clark,44.7
"Laughlin Jr/Sr HS",2023-2024,02321,Clark,40.4
"Laura Dearing Elementary School",2024-2025,02220,Clark,33.7
"Lawrence & Heidi Canarelli Middle School",2024-2025,02349,Clark,23.7
"Lawrence JHS",2018-2019,02337,Clark,21.5
"Lawrence JHS",2020-2021,02337,Clark,34.7
"Lawrence JHS",2021-2022,02337,Clark,41.7
"Lawrence JHS",2022-2023,02337,Clark,37.2
"Lawrence JHS",2023-2024,02337,Clark,34.6
"Leavitt MS",2018-2019,02341,Clark,15.2
"Leavitt MS",2020-2021,02341,Clark,22.1
"Leavitt MS",2021-2022,02341,Clark,32.5
"Leavitt MS",2022-2023,02341,Clark,32.6
"Leavitt MS",2023-2024,02341,Clark,27.4
"Lee Antonello Elementary School",2024-2025,02140,Clark,26.6
"Legacy High School",2024-2025,02619,Clark,45.6
"Legacy HS",2018-2019,02619,Clark,33.5
"Legacy HS",2020-2021,02619,Clark,58.0
"Legacy HS",2021-2022,02619,Clark,51.9
"Legacy HS",2022-2023,02619,Clark,50.3
"Legacy HS",2023-2024,02619,Clark,47.2
"Lewis E Rowe Elementary School",2024-2025,02221,Clark,32.0
"Lied MS",2018-2019,02331,Clark,11.8
"Lied MS",2020-2021,02331,Clark,24.7
"Lied MS",2021-2022,02331,Clark,25.4
"Lied MS",2022-2023,02331,Clark,19.3
"Lied MS",2023-2024,02331,Clark,12.5
"Lied STEM Academy Middle School",2024-2025,02331,Clark,8.8
"Liliam Lujan Hickey Elementary School",2024-2025,02195,Clark,36.1
"Lincoln Elementary School",2024-2025,02222,Clark,29.2
"Lincoln ES",2018-2019,02222,Clark,13.9
"Lincoln ES",2020-2021,02222,Clark,26.5
"Lincoln ES",2021-2022,02222,Clark,49.1
"Lincoln ES",2022-2023,02222,Clark,42.9
"Lincoln ES",2023-2024,02222,Clark,28.5
"Linda Rankin Givens Elementary School",2024-2025,02185,Clark,13.8
"Lois & Jerry Tarkanian Middle School",2024-2025,02360,Clark,22.1
"Lois Craig Elementary School",2024-2025,02223,Clark,42.5
"Lomie G Heard Elementary School",2024-2025,02073,Clark,8.4
"Long ES",2018-2019,02270,Clark,28.6
"Long ES",2020-2021,02270,Clark,29.4
"Long ES",2021-2022,02270,Clark,50.6
"Long ES",2022-2023,02270,Clark,45.9
"Long ES",2023-2024,02270,Clark,36.7
"Lorna J Kesterson Elementary School",2024-2025,02169,Clark,22.2
"Louis Wiener Jr Elementary School",2024-2025,02142,Clark,41.3
"Lowman ES",2018-2019,02144,Clark,41.5
"Lowman ES",2020-2021,02144,Clark,48.9
"Lowman ES",2021-2022,02144,Clark,59.5
"Lowman ES",2022-2023,02144,Clark,55.9
"Lowman ES",2023-2024,02144,Clark,50.5
"Lucile Bruner Elementary School",2024-2025,02147,Clark,32.8
"Lucille S Rogers Elementary School",2024-2025,02174,Clark,28.0
"Lummis ES",2018-2019,02141,Clark,10.1
"Lummis ES",2020-2021,02141,Clark,15.8
"Lummis ES",2021-2022,02141,Clark,27.6
"Lummis ES",2022-2023,02141,Clark,22.7
"Lummis ES",2023-2024,02141,Clark,21.9
"Lundy ES",2018-2019,02103,Clark,23.5
"Lundy ES",2020-2021,02103,Clark,41.7
"Lundy ES",2021-2022,02103,Clark,35.7
"Lundy ES",2022-2023,02103,Clark,30.8
"Lundy ES",2023-2024,02103,Clark,10.0
"Lunt ES",2018-2019,02117,Clark,22.8
"Lunt ES",2020-2021,02117,Clark,30.8
"Lunt ES",2021-2022,02117,Clark,49.9
"Lunt ES",2022-2023,02117,Clark,46.5
"Lunt ES",2023-2024,02117,Clark,36.6
"Lyal Burkholder Academy of Environmental Science",2024-2025,02313,Clark,24.0
"Lynch ES",2018-2019,02115,Clark,38.8
"Lynch ES",2020-2021,02115,Clark,47.4
"Lynch ES",2021-2022,02115,Clark,59.4
"Lynch ES",2022-2023,02115,Clark,60.8
"Lynch ES",2023-2024,02115,Clark,42.5
"Lyon MS",2018-2019,02329,Clark,24.7
"Lyon MS",2020-2021,02329,Clark,33.3
"Lyon MS",2021-2022,02329,Clark,49.3
"Lyon MS",2022-2023,02329,Clark,39.9
"Lyon MS",2023-2024,02329,Clark,35.5
"M J Christensen Elementary School",2024-2025,02109,Clark,37.3
"Mabel Hoggard Elementary School",2024-2025,02202,Clark,6.6
"Mack (Jerome) MS",2018-2019,02356,Clark,23.7
"Mack (Jerome) MS",2020-2021,02356,Clark,30.6
"Mack (Jerome) MS",2021-2022,02356,Clark,50.7
"Mack (Jerome) MS",2022-2023,02356,Clark,55.1
"Mack (Jerome) MS",2023-2024,02356,Clark,42.7
"Mack (Nate) ES",2018-2019,02277,Clark,13.1
"Mack (Nate) ES",2020-2021,02277,Clark,14.2
"Mack (Nate) ES",2021-2022,02277,Clark,27.4
"Mack (Nate) ES",2022-2023,02277,Clark,26.8
"Mack (Nate) ES",2023-2024,02277,Clark,23.4
"Mack Lyon Middle School",2024-2025,02329,Clark,29.1
"Mackey ES",2018-2019,02217,Clark,9.3
"Mackey ES",2020-2021,02217,Clark,8.4
"Mackey ES",2021-2022,02217,Clark,30.4
"Mackey ES",2022-2023,02217,Clark,16.8
"Mackey ES",2023-2024,02217,Clark,13.5
"Mackey, Jo MS",2020-2021,02369,Clark,11.0
"Mackey, Jo MS",2021-2022,02369,Clark,29.3
"Mackey, Jo MS",2022-2023,02369,Clark,21.8
"Mackey, Jo MS",2023-2024,02369,Clark,18.3
"Manch ES",2018-2019,02213,Clark,39.8
"Manch ES",2020-2021,02213,Clark,57.3
"Manch ES",2021-2022,02213,Clark,63.0
"Manch ES",2022-2023,02213,Clark,64.8
"Manch ES",2023-2024,02213,Clark,54.1
"Mannion MS",2018-2019,02353,Clark,11.2
"Mannion MS",2020-2021,02353,Clark,20.3
"Mannion MS",2021-2022,02353,Clark,24.7
"Mannion MS",2022-2023,02353,Clark,26.5
"Mannion MS",2023-2024,02353,Clark,21.3
"Manuel J Cortez Elementary School",2024-2025,02165,Clark,34.3
"Marc Kahre Elementary School",2024-2025,02133,Clark,28.1
"Mario C & JoAnne Monaco Middle School",2024-2025,02343,Clark,34.1
"Marion B Earl Elementary School",2024-2025,02296,Clark,19.5
"Marion Cahlan Elementary School",2024-2025,02225,Clark,34.2
"Mark L Fine Elementary School",2024-2025,02080,Clark,29.6
"Marshall C Darnell Elementary School",2024-2025,02172,Clark,35.5
"Martha P King Elementary School",2024-2025,02136,Clark,17.9
"Martin Luther King Jr Elementary School",2024-2025,02105,Clark,33.9
"Martin MS",2018-2019,02311,Clark,19.0
"Martin MS",2020-2021,02311,Clark,53.1
"Martin MS",2021-2022,02311,Clark,43.2
"Martin MS",2022-2023,02311,Clark,49.6
"Martin MS",2023-2024,02311,Clark,40.6
"Martinez ES",2018-2019,02281,Clark,16.9
"Martinez ES",2020-2021,02281,Clark,34.4
"Martinez ES",2021-2022,02281,Clark,47.4
"Martinez ES",2022-2023,02281,Clark,41.7
"Martinez ES",2023-2024,02281,Clark,25.8
"Marvin M Sedway Middle School",2024-2025,02345,Clark,42.6
"Mary & Zel Lowman Elementary School",2024-2025,02144,Clark,43.0
"Mathis ES",2018-2019,02072,Clark,12.9
"Mathis ES",2020-2021,02072,Clark,15.9
"Mathis ES",2021-2022,02072,Clark,29.9
"Mathis ES",2022-2023,02072,Clark,26.2
"Mathis ES",2023-2024,02072,Clark,26.3
"Matt Kelly Elementary School",2024-2025,02226,Clark,48.2
"May ES",2018-2019,02132,Clark,12.8
"May ES",2020-2021,02132,Clark,20.2
"May ES",2021-2022,02132,Clark,42.1
"May ES",2022-2023,02132,Clark,34.6
"May ES",2023-2024,02132,Clark,26.3
"McCall ES",2018-2019,02234,Clark,24.9
"McCall ES",2020-2021,02234,Clark,29.6
"McCall ES",2021-2022,02234,Clark,41.7
"McCall ES",2022-2023,02234,Clark,40.5
"McCall ES",2023-2024,02234,Clark,41.4
"McCaw ES",2018-2019,02249,Clark,<5
"McCaw ES",2020-2021,02249,Clark,8.6
"McCaw ES",2021-2022,02249,Clark,22.4
"McCaw ES",2022-2023,02249,Clark,13.6
"McCaw ES",2023-2024,02249,Clark,9.1
"McDoniel ES",2018-2019,02298,Clark,10.7
"McDoniel ES",2020-2021,02298,Clark,19.2
"McDoniel ES",2021-2022,02298,Clark,22.3
"McDoniel ES",2022-2023,02298,Clark,23.9
"McDoniel ES",2023-2024,02298,Clark,16.9
"McMillan ES",2018-2019,02113,Clark,26.2
"McMillan ES",2020-2021,02113,Clark,43.0
"McMillan ES",2021-2022,02113,Clark,53.3
"McMillan ES",2022-2023,02113,Clark,47.4
"McMillan ES",2023-2024,02113,Clark,41.7
"McWilliams ES",2018-2019,02218,Clark,16.6
"McWilliams ES",2020-2021,02218,Clark,33.6
"McWilliams ES",2021-2022,02218,Clark,41.1
"McWilliams ES",2022-2023,02218,Clark,39.4
"McWilliams ES",2023-2024,02218,Clark,32.4
"Mendoza ES",2018-2019,02112,Clark,12.0
"Mendoza ES",2020-2021,02112,Clark,21.6
"Mendoza ES",2021-2022,02112,Clark,39.6
"Mendoza ES",2022-2023,02112,Clark,36.4
"Mendoza ES",2023-2024,02112,Clark,26.5
"Mervin Iverson Elementary School",2024-2025,02182,Clark,18.2
"Mike OCallaghan Middle School i3 Learn Academy",2024-2025,02322,Clark,10.6
"Miley Achievement Center Elementary School",2024-2025,02917,Clark,41.6
"Miley Achievement Center ES",2018-2019,02917,Clark,66.1
"Miley Achievement Center ES",2020-2021,02917,Clark,84.2
"Miley Achievement Center ES",2021-2022,02917,Clark,81.0
"Miley Achievement Center ES",2022-2023,02917,Clark,61.9
"Miley Achievement Center ES",2023-2024,02917,Clark,40.7
"Miley Achievement Center JR/SR High School",2024-2025,02916,Clark,52.8
"Miley Achievement Center Sec",2018-2019,02916,Clark,73.9
"Miley Achievement Center Sec",2020-2021,02916,Clark,82.5
"Miley Achievement Center Sec",2021-2022,02916,Clark,75.2
"Miley Achievement Center Sec",2022-2023,02916,Clark,68.9
"Miley Achievement Center Sec",2023-2024,02916,Clark,76.7
"Miller (Bob) MS",2018-2019,02338,Clark,9.3
"Miller (Bob) MS",2020-2021,02338,Clark,20.1
"Miller (Bob) MS",2021-2022,02338,Clark,22.6
"Miller (Bob) MS",2022-2023,02338,Clark,23.5
"Miller (Bob) MS",2023-2024,02338,Clark,21.0
"Miller (John) School",2018-2019,02215,Clark,64.9
"Miller (John) School",2020-2021,02215,Clark,73.8
"Miller (John) School",2021-2022,02215,Clark,76.8
"Miller (John) School",2022-2023,02215,Clark,71.7
"Miller (John) School",2023-2024,02215,Clark,60.6
"Miller (Sandy) ES",2018-2019,02274,Clark,5.2
"Miller (Sandy) ES",2020-2021,02274,Clark,11.4
"Miller (Sandy) ES",2021-2022,02274,Clark,26.6
"Miller (Sandy) ES",2022-2023,02274,Clark,21.8
"Miller (Sandy) ES",2023-2024,02274,Clark,10.6
"Mitchell ES",2018-2019,02250,Clark,15.2
"Mitchell ES",2020-2021,02250,Clark,14.0
"Mitchell ES",2021-2022,02250,Clark,27.3
"Mitchell ES",2022-2023,02250,Clark,27.0
"Mitchell ES",2023-2024,02250,Clark,18.3
"Molasky JHS",2018-2019,02333,Clark,26.1
"Molasky JHS",2020-2021,02333,Clark,40.3
"Molasky JHS",2021-2022,02333,Clark,50.8
"Molasky JHS",2022-2023,02333,Clark,41.9
"Molasky JHS",2023-2024,02333,Clark,35.7
"Monaco MS",2018-2019,02343,Clark,29.0
"Monaco MS",2020-2021,02343,Clark,47.2
"Monaco MS",2021-2022,02343,Clark,50.1
"Monaco MS",2022-2023,02343,Clark,50.2
"Monaco MS",2023-2024,02343,Clark,39.8
"Moore ES",2018-2019,02282,Clark,22.5
"Moore ES",2020-2021,02282,Clark,47.5
"Moore ES",2021-2022,02282,Clark,46.8
"Moore ES",2022-2023,02282,Clark,43.6
"Moore ES",2023-2024,02282,Clark,39.9
"Morrow ES",2018-2019,02162,Clark,18.5
"Morrow ES",2020-2021,02162,Clark,11.1
"Morrow ES",2021-2022,02162,Clark,35.7
"Morrow ES",2022-2023,02162,Clark,34.6
"Morrow ES",2023-2024,02162,Clark,32.1
"Mountain View Elementary School",2024-2025,02228,Clark,34.0
"Mountain View ES",2018-2019,02228,Clark,15.5
"Mountain View ES",2020-2021,02228,Clark,36.3
"Mountain View ES",2021-2022,02228,Clark,47.0
"Mountain View ES",2022-2023,02228,Clark,38.3
"Mountain View ES",2023-2024,02228,Clark,43.3
"Myrtle Tate Elementary School",2024-2025,02260,Clark,29.2
"Nate Mack Elementary School",2024-2025,02277,Clark,23.8
"Neal ES",2018-2019,02170,Clark,14.5
"Neal ES",2020-2021,02170,Clark,14.0
"Neal ES",2021-2022,02170,Clark,35.8
"Neal ES",2022-2023,02170,Clark,30.1
"Neal ES",2023-2024,02170,Clark,29.4
"Neil C Twitchell Elementary School",2024-2025,02176,Clark,13.0
"Nevada Learning Academy",2018-2019,02625,Clark,<5
"Nevada Learning Academy",2020-2021,02625,Clark,<5
"Nevada Learning Academy",2021-2022,02625,Clark,-
"Nevada Learning Academy",2022-2023,02625,Clark,59.9
"Nevada Learning Academy",2023-2024,02625,Clark,56.7
"Newton ES",2018-2019,02146,Clark,10.2
"Newton ES",2020-2021,02146,Clark,15.2
"Newton ES",2021-2022,02146,Clark,36.3
"Newton ES",2022-2023,02146,Clark,27.6
"Newton ES",2023-2024,02146,Clark,24.5
"NV Learning Academy Elementary School",2024-2025,02626,Clark,32.6
"NV Learning Academy ES",2020-2021,02626,Clark,13.8
"NV Learning Academy ES",2021-2022,02626,Clark,47.7
"NV Learning Academy ES",2022-2023,02626,Clark,45.2
"NV Learning Academy ES",2023-2024,02626,Clark,33.6
"NV Learning Academy JR/SR High School",2024-2025,02625,Clark,50.5
"O K Adcock Elementary School",2024-2025,02231,Clark,28.0
"O'Callaghan MS",2018-2019,02322,Clark,15.5
"O'Callaghan MS",2020-2021,02322,Clark,31.2
"O'Callaghan MS",2021-2022,02322,Clark,27.6
"O'Callaghan MS",2022-2023,02322,Clark,24.9
"O'Callaghan MS",2023-2024,02322,Clark,13.2
"O'Roarke ES",2018-2019,02083,Clark,9.5
"O'Roarke ES",2020-2021,02083,Clark,6.5
"O'Roarke ES",2021-2022,02083,Clark,25.7
"O'Roarke ES",2022-2023,02083,Clark,25.7
"O'Roarke ES",2023-2024,02083,Clark,19.1
"Ober ES",2018-2019,02283,Clark,17.9
"Ober ES",2020-2021,02283,Clark,23.7
"Ober ES",2021-2022,02283,Clark,44.3
"Ober ES",2022-2023,02283,Clark,35.5
"Ober ES",2023-2024,02283,Clark,31.6
"Odyssey Charter ES",2018-2019,02299,Clark,7.3
"Odyssey Charter ES",2020-2021,02299,Clark,7.1
"Odyssey Charter ES",2021-2022,02299,Clark,9.6
"Odyssey Charter ES",2022-2023,02299,Clark,6.0
"Odyssey Charter ES",2023-2024,02299,Clark,<5
"Odyssey Charter MS",2018-2019,02358,Clark,<5
"Odyssey Charter MS",2020-2021,02358,Clark,<5
"Odyssey Charter MS",2021-2022,02358,Clark,<5
"Odyssey Charter MS",2022-2023,02358,Clark,<5
"Odyssey Charter MS",2023-2024,02358,Clark,<5
"Odyssey Charter Schools 6-8 Middle School",2024-2025,02358,Clark,<5
"Odyssey Charter Schools K-5 Elementary School",2024-2025,02299,Clark,<5
"Ollie Detwiler Elementary School",2024-2025,02300,Clark,29.1
"Oran K Gragson Elementary School",2024-2025,02275,Clark,26.4
"Orr MS",2018-2019,02312,Clark,39.1
"Orr MS",2020-2021,02312,Clark,61.4
"Orr MS",2021-2022,02312,Clark,54.7
"Orr MS",2022-2023,02312,Clark,50.6
"Orr MS",2023-2024,02312,Clark,49.1
"P A Diskin Elementary School",2024-2025,02263,Clark,21.8
"Paradise PDS",2018-2019,02232,Clark,35.1
"Paradise PDS",2020-2021,02232,Clark,38.3
"Paradise PDS",2021-2022,02232,Clark,58.0
"Paradise PDS",2022-2023,02232,Clark,46.7
"Paradise PDS",2023-2024,02232,Clark,43.2
"Paradise Professional Development Elementary School",2024-2025,02232,Clark,37.9
"Park ES",2018-2019,02216,Clark,31.1
"Park ES",2020-2021,02216,Clark,40.6
"Park ES",2021-2022,02216,Clark,46.5
"Park ES",2022-2023,02216,Clark,45.5
"Park ES",2023-2024,02216,Clark,49.3
"Parson ES",2018-2019,02110,Clark,24.6
"Parson ES",2020-2021,02110,Clark,42.6
"Parson ES",2021-2022,02110,Clark,42.0
"Parson ES",2022-2023,02110,Clark,38.4
"Parson ES",2023-2024,02110,Clark,41.1
"Patricia A Bendorf Elementary School",2024-2025,02138,Clark,26.2
"Paul E Culley Elementary School",2024-2025,02233,Clark,30.3
"Perkins (Dr. Claude G.) ES",2018-2019,02091,Clark,18.0
"Perkins (Dr. Claude G.) ES",2020-2021,02091,Clark,27.0
"Perkins (Dr. Claude G.) ES",2021-2022,02091,Clark,49.8
"Perkins (Dr. Claude G.) ES",2022-2023,02091,Clark,46.1
"Perkins (Dr. Claude G.) ES",2023-2024,02091,Clark,39.8
"Perkins (Ute) ES",2018-2019,02114,Clark,13.3
"Perkins (Ute) ES",2020-2021,02114,Clark,21.8
"Perkins (Ute) ES",2021-2022,02114,Clark,54.1
"Perkins (Ute) ES",2022-2023,02114,Clark,32.0
"Perkins (Ute) ES",2023-2024,02114,Clark,34.3
"Petersen ES",2018-2019,02289,Clark,29.5
"Petersen ES",2020-2021,02289,Clark,49.9
"Petersen ES",2021-2022,02289,Clark,57.9
"Petersen ES",2022-2023,02289,Clark,53.2
"Petersen ES",2023-2024,02289,Clark,53.5
"Peterson Academic Center JR/SR High School",2024-2025,02933,Clark,63.6
"Peterson Behavior Jr./Sr. HS",2018-2019,02933,Clark,69.5
"Peterson Behavior Jr./Sr. HS",2020-2021,02933,Clark,75.0
"Peterson Behavior Jr./Sr. HS",2021-2022,02933,Clark,74.2
"Peterson Behavior Jr./Sr. HS",2022-2023,02933,Clark,70.9
"Peterson Behavior Jr./Sr. HS",2023-2024,02933,Clark,69.8
"Piggott Academy Elementary School",2024-2025,02145,Clark,8.5
"Piggott ES",2018-2019,02145,Clark,7.9
"Piggott ES",2020-2021,02145,Clark,5.6
"Piggott ES",2021-2022,02145,Clark,24.1
"Piggott ES",2022-2023,02145,Clark,18.8
"Piggott ES",2023-2024,02145,Clark,13.0
"Pittman ES",2018-2019,02244,Clark,17.4
"Pittman ES",2020-2021,02244,Clark,29.6
"Pittman ES",2021-2022,02244,Clark,46.7
"Pittman ES",2022-2023,02244,Clark,43.4
"Pittman ES",2023-2024,02244,Clark,39.3
"Priest ES",2018-2019,02253,Clark,20.0
"Priest ES",2020-2021,02253,Clark,32.3
"Priest ES",2021-2022,02253,Clark,42.4
"Priest ES",2022-2023,02253,Clark,43.1
"Priest ES",2023-2024,02253,Clark,32.4
"Quannah McCall Elementary School",2024-2025,02234,Clark,25.2
"Quest Program",2023-2024,02965,Clark,-
"Quest Program",2024-2025,02965,Clark,5.2
"R E Tobler Elementary School",2024-2025,02290,Clark,15.2
"R Guild Gray Elementary School",2024-2025,02278,Clark,22.4
"Rainbow Dream AC Academy",2018-2019,02367,Clark,30.4
"Rainbow Dreams Academy",2018-2019,02087,Clark,37.4
"Rainbow Dreams Academy",2020-2021,02087,Clark,89.2
"Rainbow Dreams Academy",2021-2022,02087,Clark,53.1
"Rainbow Dreams Academy",2022-2023,02087,Clark,51.2
"Rainbow Dreams Academy",2023-2024,02087,Clark,31.3
"Rainbow Dreams Early Learning Academy",2024-2025,02087,Clark,22.2
"Ralph Cadwallader Middle School",2024-2025,02348,Clark,18.7
"Raul P Elizondo Elementary School",2024-2025,02164,Clark,36.1
"Red Rock Elementary School",2024-2025,02235,Clark,29.7
"Red Rock ES",2018-2019,02235,Clark,24.9
"Red Rock ES",2020-2021,02235,Clark,29.7
"Red Rock ES",2021-2022,02235,Clark,42.3
"Red Rock ES",2022-2023,02235,Clark,43.0
"Red Rock ES",2023-2024,02235,Clark,38.1
"Reed ES",2018-2019,02295,Clark,21.4
"Reed ES",2020-2021,02295,Clark,34.1
"Reed ES",2021-2022,02295,Clark,52.2
"Reed ES",2022-2023,02295,Clark,49.9
"Reed ES",2023-2024,02295,Clark,41.2
"Reedom ES",2018-2019,02084,Clark,14.8
"Reedom ES",2020-2021,02084,Clark,10.1
"Reedom ES",2021-2022,02084,Clark,37.0
"Reedom ES",2022-2023,02084,Clark,29.9
"Reedom ES",2023-2024,02084,Clark,26.4
"Reid ES",2018-2019,02104,Clark,29.0
"Reid ES",2020-2021,02104,Clark,30.4
"Reid ES",2021-2022,02104,Clark,41.7
"Reid ES",2022-2023,02104,Clark,15.4
"Reid ES",2023-2024,02104,Clark,16.7
"Rex Bell Elementary School",2024-2025,02236,Clark,30.7
"Reynaldo L Martinez Elementary School",2024-2025,02281,Clark,24.4
"Rhodes ES",2018-2019,02160,Clark,11.3
"Rhodes ES",2020-2021,02160,Clark,10.9
"Rhodes ES",2021-2022,02160,Clark,30.5
"Rhodes ES",2022-2023,02160,Clark,31.3
"Rhodes ES",2023-2024,02160,Clark,24.3
"Richard C Priest Elementary School",2024-2025,02253,Clark,35.2
"Richard H Bryan Elementary School",2024-2025,02148,Clark,23.4
"Richard Rundle Elementary School",2024-2025,02128,Clark,25.9
"Ries ES",2018-2019,02194,Clark,12.8
"Ries ES",2020-2021,02194,Clark,10.9
"Ries ES",2021-2022,02194,Clark,30.5
"Ries ES",2022-2023,02194,Clark,27.4
"Ries ES",2023-2024,02194,Clark,23.4
"Robert & Sandy Ellis Elementary School",2024-2025,02064,Clark,18.7
"Robert E Lake Elementary School",2024-2025,02237,Clark,34.8
"Robert L Forbuss Elementary School",2024-2025,02097,Clark,22.6
"Robert L Taylor Elementary School",2024-2025,02254,Clark,37.3
"Robert Lunt Elementary School",2024-2025,02117,Clark,26.6
"Robert O Gibson Leadership Academy Middle School",2024-2025,02310,Clark,26.6
"Roberta C Cartwright Elementary School",2024-2025,02158,Clark,38.0
"Roberts ES",2018-2019,02150,Clark,16.0
"Roberts ES",2020-2021,02150,Clark,19.4
"Roberts ES",2021-2022,02150,Clark,37.5
"Roberts ES",2022-2023,02150,Clark,33.6
"Roberts ES",2023-2024,02150,Clark,27.7
"Robison MS",2018-2019,02315,Clark,24.6
"Robison MS",2020-2021,02315,Clark,51.6
"Robison MS",2021-2022,02315,Clark,49.3
"Robison MS",2022-2023,02315,Clark,46.2
"Robison MS",2023-2024,02315,Clark,30.9
"Roger D Gehring Academy of Science and Technology Elementary School",2024-2025,02181,Clark,<5
"Roger M Bryan Elementary School",2024-2025,02156,Clark,23.5
"Rogers ES",2018-2019,02174,Clark,14.4
"Rogers ES",2020-2021,02174,Clark,17.8
"Rogers ES",2021-2022,02174,Clark,39.8
"Rogers ES",2022-2023,02174,Clark,33.8
"Rogers ES",2023-2024,02174,Clark,28.3
"Rogich MS",2018-2019,02339,Clark,11.0
"Rogich MS",2020-2021,02339,Clark,14.5
"Rogich MS",2021-2022,02339,Clark,23.5
"Rogich MS",2022-2023,02339,Clark,25.7
"Rogich MS",2023-2024,02339,Clark,21.2
"Ronnow ES",2018-2019,02203,Clark,16.5
"Ronnow ES",2020-2021,02203,Clark,29.1
"Ronnow ES",2021-2022,02203,Clark,43.7
"Ronnow ES",2022-2023,02203,Clark,41.1
"Ronnow ES",2023-2024,02203,Clark,25.5
"Ronzone ES",2018-2019,02201,Clark,22.6
"Ronzone ES",2020-2021,02201,Clark,34.3
"Ronzone ES",2021-2022,02201,Clark,40.9
"Ronzone ES",2022-2023,02201,Clark,38.1
"Ronzone ES",2023-2024,02201,Clark,33.1
"Rose Warren Elementary School",2024-2025,02238,Clark,34.0
"Roundy ES",2018-2019,02096,Clark,19.5
"Roundy ES",2020-2021,02096,Clark,15.7
"Roundy ES",2021-2022,02096,Clark,47.5
"Roundy ES",2022-2023,02096,Clark,46.3
"Roundy ES",2023-2024,02096,Clark,38.6
"Rowe ES",2018-2019,02221,Clark,25.1
"Rowe ES",2020-2021,02221,Clark,28.1
"Rowe ES",2021-2022,02221,Clark,46.2
"Rowe ES",2022-2023,02221,Clark,39.7
"Rowe ES",2023-2024,02221,Clark,33.3
"Roy W Martin Middle School",2024-2025,02311,Clark,37.8
"Ruben P Diaz Elementary School",2024-2025,02085,Clark,25.3
"Ruby Duncan Elementary School",2024-2025,02076,Clark,29.7
"Ruby S Thomas Elementary School",2024-2025,02239,Clark,51.9
"Rundle ES",2018-2019,02128,Clark,24.5
"Rundle ES",2020-2021,02128,Clark,31.8
"Rundle ES",2021-2022,02128,Clark,52.3
"Rundle ES",2022-2023,02128,Clark,46.2
"Rundle ES",2023-2024,02128,Clark,35.1
"Ruthe Deskin Elementary School",2024-2025,02106,Clark,23.9
"Sandra B Abston Elementary School",2024-2025,02061,Clark,28.4
"Sandra L Thompson Elementary School",2024-2025,02198,Clark,20.8
"Sandy Searles Miller Elementary School",2024-2025,02274,Clark,8.6
"Sandy Valley Elementary School",2024-2025,02291,Clark,36.6
"Sandy Valley ES",2018-2019,02291,Clark,10.1
"Sandy Valley ES",2020-2021,02291,Clark,18.1
"Sandy Valley ES",2021-2022,02291,Clark,38.1
"Sandy Valley ES",2022-2023,02291,Clark,34.7
"Sandy Valley ES",2023-2024,02291,Clark,36.4
"Sandy Valley JR/SR High School",2024-2025,02320,Clark,28.5
"Sandy Valley Jr/Sr HS",2018-2019,02320,Clark,21.6
"Sandy Valley Jr/Sr HS",2020-2021,02320,Clark,33.7
"Sandy Valley Jr/Sr HS",2021-2022,02320,Clark,31.8
"Sandy Valley Jr/Sr HS",2022-2023,02320,Clark,35.4
"Sandy Valley Jr/Sr HS",2023-2024,02320,Clark,30.5
"Saville MS",2018-2019,02354,Clark,15.3
"Saville MS",2020-2021,02354,Clark,41.3
"Saville MS",2021-2022,02354,Clark,34.9
"Saville MS",2022-2023,02354,Clark,34.9
"Saville MS",2023-2024,02354,Clark,31.3
"Sawyer MS",2018-2019,02328,Clark,23.7
"Sawyer MS",2020-2021,02328,Clark,54.4
"Sawyer MS",2021-2022,02328,Clark,42.3
"Sawyer MS",2022-2023,02328,Clark,35.3
"Sawyer MS",2023-2024,02328,Clark,22.3
"Scherkenbach ES",2018-2019,02188,Clark,13.2
"Scherkenbach ES",2020-2021,02188,Clark,10.2
"Scherkenbach ES",2021-2022,02188,Clark,31.6
"Scherkenbach ES",2022-2023,02188,Clark,29.5
"Scherkenbach ES",2023-2024,02188,Clark,21.3
"Schofield MS",2018-2019,02344,Clark,17.6
"Schofield MS",2020-2021,02344,Clark,35.5
"Schofield MS",2021-2022,02344,Clark,41.2
"Schofield MS",2022-2023,02344,Clark,39.4
"Schofield MS",2023-2024,02344,Clark,25.6
"Schorr ES",2018-2019,02099,Clark,17.1
"Schorr ES",2020-2021,02099,Clark,18.5
"Schorr ES",2021-2022,02099,Clark,42.7
"Schorr ES",2022-2023,02099,Clark,34.0
"Schorr ES",2023-2024,02099,Clark,31.3
"Scott ES",2018-2019,02086,Clark,30.0
"Scott ES",2020-2021,02086,Clark,42.6
"Scott ES",2021-2022,02086,Clark,57.4
"Scott ES",2022-2023,02086,Clark,43.1
"Scott ES",2023-2024,02086,Clark,41.9
"Sedway MS",2018-2019,02345,Clark,26.0
"Sedway MS",2020-2021,02345,Clark,59.4
"Sedway MS",2021-2022,02345,Clark,48.3
"Sedway MS",2022-2023,02345,Clark,49.8
"Sedway MS",2023-2024,02345,Clark,45.9
"Selma F Bartlett Elementary School",2024-2025,02137,Clark,17.7
"Sewell ES",2018-2019,02251,Clark,17.8
"Sewell ES",2020-2021,02251,Clark,27.3
"Sewell ES",2021-2022,02251,Clark,43.9
"Sewell ES",2022-2023,02251,Clark,42.6
"Sewell ES",2023-2024,02251,Clark,41.9
"Sheila Tarr Academy of International Studies Elementary School",2024-2025,02285,Clark,11.4
"Shelley Berkley Elementary School",2024-2025,02070,Clark,21.4
"Shirley & Bill Wallin Elementary School",2024-2025,02077,Clark,20.2
"Shirley A Barber Elementary",2018-2019,02066,Clark,16.5
"Shirley A Barber Elementary",2020-2021,02066,Clark,26.3
"Shirley A Barber Elementary",2021-2022,02066,Clark,35.8
"Shirley A Barber Elementary",2022-2023,02066,Clark,36.6
"Shirley A Barber Elementary",2023-2024,02066,Clark,31.8
"Shirley A Barber Elementary School",2024-2025,02066,Clark,28.3
"Sig Rogich Middle School",2024-2025,02339,Clark,17.5
"Silvestri JHS",2018-2019,02334,Clark,15.6
"Silvestri JHS",2020-2021,02334,Clark,32.2
"Silvestri JHS",2021-2022,02334,Clark,40.4
"Silvestri JHS",2022-2023,02334,Clark,38.6
"Silvestri JHS",2023-2024,02334,Clark,32.1
"Simmons ES",2018-2019,02189,Clark,17.2
"Simmons ES",2020-2021,02189,Clark,22.3
"Simmons ES",2021-2022,02189,Clark,35.7
"Simmons ES",2022-2023,02189,Clark,35.6
"Simmons ES",2023-2024,02189,Clark,27.2
"Sister Robert Joseph Bailey Elementary School",2024-2025,02095,Clark,28.8
"Smalley ES",2018-2019,02090,Clark,6.9
"Smalley ES",2020-2021,02090,Clark,<5
"Smalley ES",2021-2022,02090,Clark,19.4
"Smalley ES",2022-2023,02090,Clark,13.6
"Smalley ES",2023-2024,02090,Clark,10.1
"Smith (Hal) ES",2018-2019,02284,Clark,29.3
"Smith (Hal) ES",2020-2021,02284,Clark,59.5
"Smith (Hal) ES",2021-2022,02284,Clark,65.6
"Smith (Hal) ES",2022-2023,02284,Clark,52.2
"Smith (Hal) ES",2023-2024,02284,Clark,46.5
"Smith (Helen) ES",2018-2019,02264,Clark,13.0
"Smith (Helen) ES",2020-2021,02264,Clark,17.2
"Smith (Helen) ES",2021-2022,02264,Clark,31.6
"Smith (Helen) ES",2022-2023,02264,Clark,23.6
"Smith (Helen) ES",2023-2024,02264,Clark,20.5
"Smith (J.D.) MS",2018-2019,02305,Clark,23.6
"Smith (J.D.) MS",2020-2021,02305,Clark,56.7
"Smith (J.D.) MS",2021-2022,02305,Clark,49.8
"Smith (J.D.) MS",2022-2023,02305,Clark,50.0
"Smith (J.D.) MS",2023-2024,02305,Clark,40.9
"Snyder ES",2018-2019,02074,Clark,16.6
"Snyder ES",2018-2019,02175,Clark,22.6
"Snyder ES",2020-2021,02074,Clark,17.0
"Snyder ES",2020-2021,02175,Clark,26.5
"Snyder ES",2021-2022,02074,Clark,36.5
"Snyder ES",2021-2022,02175,Clark,51.8
"Snyder ES",2022-2023,02074,Clark,36.8
"Snyder ES",2022-2023,02175,Clark,49.7
"Snyder ES",2023-2024,02074,Clark,28.6
"Snyder ES",2023-2024,02175,Clark,41.9
"South Academic Center JR/SR High School",2024-2025,02928,Clark,68.8
"South Continuation Jr./Sr. Hig",2018-2019,02928,Clark,76.3
"South Continuation Jr./Sr. Hig",2020-2021,02928,Clark,92.9
"South Continuation Jr./Sr. Hig",2021-2022,02928,Clark,67.7
"South Continuation Jr./Sr. Hig",2022-2023,02928,Clark,52.3
"South Continuation Jr./Sr. Hig",2023-2024,02928,Clark,72.6
"Spring Mountain JR/SR High School",2024-2025,02913,Clark,-
"Spring Mountain Jr/Sr HS",2018-2019,02913,Clark,6.1
"Spring Mountain Jr/Sr HS",2020-2021,02913,Clark,-
"Spring Mountain Jr/Sr HS",2021-2022,02913,Clark,-
"Spring Mountain Jr/Sr HS",2022-2023,02913,Clark,<5
"Spring Mountain Jr/Sr HS",2023-2024,02913,Clark,-
"Squires ES",2018-2019,02204,Clark,20.7
"Squires ES",2020-2021,02204,Clark,35.4
"Squires ES",2021-2022,02204,Clark,46.8
"Squires ES",2022-2023,02204,Clark,45.7
"Squires ES",2023-2024,02204,Clark,41.9
"Stanford Elementary School",2024-2025,02294,Clark,17.2
"Stanford ES",2018-2019,02294,Clark,15.3
"Stanford ES",2020-2021,02294,Clark,14.2
"Stanford ES",2021-2022,02294,Clark,25.9
"Stanford ES",2022-2023,02294,Clark,18.4
"Stanford ES",2023-2024,02294,Clark,21.2
"Staton ES",2018-2019,02286,Clark,<5
"Staton ES",2020-2021,02286,Clark,<5
"Staton ES",2021-2022,02286,Clark,19.3
"Staton ES",2022-2023,02286,Clark,20.4
"Staton ES",2023-2024,02286,Clark,16.7
"Steele ES",2018-2019,02098,Clark,13.4
"Steele ES",2020-2021,02098,Clark,16.6
"Steele ES",2021-2022,02098,Clark,36.7
"Steele ES",2022-2023,02098,Clark,28.5
"Steele ES",2023-2024,02098,Clark,24.1
"Steve and Linda Cozine Elementary School",2024-2025,02180,Clark,24.7
"Steve Schorr Elementary School",2024-2025,02099,Clark,29.9
"Stevens Elementary School",2018-2019,02071,Clark,16.8
"Stevens Elementary School",2020-2021,02071,Clark,18.0
"Stevens Elementary School",2021-2022,02071,Clark,44.1
"Stevens Elementary School",2022-2023,02071,Clark,41.8
"Stevens Elementary School",2023-2024,02071,Clark,34.6
"Stuckey ES",2018-2019,02078,Clark,12.9
"Stuckey ES",2020-2021,02078,Clark,16.5
"Stuckey ES",2021-2022,02078,Clark,29.5
"Stuckey ES",2022-2023,02078,Clark,31.2
"Stuckey ES",2023-2024,02078,Clark,24.8
"Sue H Morrow Elementary School",2024-2025,02162,Clark,26.7
"Sunrise Acres Elementary School",2024-2025,02241,Clark,33.1
"Sunrise Acres ES",2018-2019,02241,Clark,24.9
"Sunrise Acres ES",2020-2021,02241,Clark,43.0
"Sunrise Acres ES",2021-2022,02241,Clark,50.9
"Sunrise Acres ES",2022-2023,02241,Clark,52.4
"Sunrise Acres ES",2023-2024,02241,Clark,39.9
"Swainston MS",2018-2019,02325,Clark,19.9
"Swainston MS",2020-2021,02325,Clark,62.4
"Swainston MS",2021-2022,02325,Clark,48.1
"Swainston MS",2022-2023,02325,Clark,46.9
"Swainston MS",2023-2024,02325,Clark,31.2
"Tanaka ES",2018-2019,02190,Clark,19.1
"Tanaka ES",2020-2021,02190,Clark,16.8
"Tanaka ES",2021-2022,02190,Clark,43.9
"Tanaka ES",2022-2023,02190,Clark,39.7
"Tanaka ES",2023-2024,02190,Clark,33.7
"Tarkanian MS",2018-2019,02360,Clark,12.4
"Tarkanian MS",2020-2021,02360,Clark,21.7
"Tarkanian MS",2021-2022,02360,Clark,30.6
"Tarkanian MS",2022-2023,02360,Clark,27.6
"Tarkanian MS",2023-2024,02360,Clark,21.0
"Tarr ES",2018-2019,02285,Clark,13.5
"Tarr ES",2020-2021,02285,Clark,8.5
"Tarr ES",2021-2022,02285,Clark,24.3
"Tarr ES",2022-2023,02285,Clark,23.5
"Tarr ES",2023-2024,02285,Clark,16.1
"Tartan ES",2018-2019,02191,Clark,25.5
"Tartan ES",2020-2021,02191,Clark,36.7
"Tartan ES",2021-2022,02191,Clark,48.1
"Tartan ES",2022-2023,02191,Clark,48.6
"Tartan ES",2023-2024,02191,Clark,39.8
"Tate ES",2018-2019,02260,Clark,37.7
"Tate ES",2020-2021,02260,Clark,48.5
"Tate ES",2021-2022,02260,Clark,53.6
"Tate ES",2022-2023,02260,Clark,50.3
"Tate ES",2023-2024,02260,Clark,35.6
"Taylor (Glen) ES",2018-2019,02230,Clark,10.8
"Taylor (Glen) ES",2020-2021,02230,Clark,10.8
"Taylor (Glen) ES",2021-2022,02230,Clark,28.6
"Taylor (Glen) ES",2022-2023,02230,Clark,25.6
"Taylor (Glen) ES",2023-2024,02230,Clark,19.8
"Taylor (Robert) ES",2018-2019,02254,Clark,31.0
"Taylor (Robert) ES",2020-2021,02254,Clark,38.2
"Taylor (Robert) ES",2021-2022,02254,Clark,60.6
"Taylor (Robert) ES",2022-2023,02254,Clark,50.8
"Taylor (Robert) ES",2023-2024,02254,Clark,43.6
"The Delta Academy JR/SR High School",2024-2025,02621,Clark,15.8
"Theron H & Naomi D Goynes Elementary School",2024-2025,02197,Clark,29.0
"Theron L Swainston Middle School",2024-2025,02325,Clark,28.1
"Thiriot ES",2018-2019,02192,Clark,14.0
"Thiriot ES",2020-2021,02192,Clark,21.0
"Thiriot ES",2021-2022,02192,Clark,38.3
"Thiriot ES",2022-2023,02192,Clark,34.4
"Thiriot ES",2023-2024,02192,Clark,23.0
"Thomas ES",2018-2019,02239,Clark,34.5
"Thomas ES",2020-2021,02239,Clark,44.6
"Thomas ES",2021-2022,02239,Clark,56.5
"Thomas ES",2022-2023,02239,Clark,56.7
"Thomas ES",2023-2024,02239,Clark,57.2
"Thomas ORoarke Elementary School",2024-2025,02083,Clark,18.7
"Thompson ES",2018-2019,02198,Clark,11.2
"Thompson ES",2020-2021,02198,Clark,16.7
"Thompson ES",2021-2022,02198,Clark,35.3
"Thompson ES",2022-2023,02198,Clark,30.7
"Thompson ES",2023-2024,02198,Clark,25.1
"Thompson, Tyrone ES",2020-2021,02060,Clark,16.2
"Thompson, Tyrone ES",2021-2022,02060,Clark,25.7
"Thompson, Tyrone ES",2022-2023,02060,Clark,21.6
"Thompson, Tyrone ES",2023-2024,02060,Clark,24.9
"Thorpe ES",2018-2019,02139,Clark,28.2
"Thorpe ES",2020-2021,02139,Clark,33.6
"Thorpe ES",2021-2022,02139,Clark,57.9
"Thorpe ES",2022-2023,02139,Clark,50.3
"Thorpe ES",2023-2024,02139,Clark,40.6
"Thurman White Academy of the Arts Middle School",2024-2025,02326,Clark,17.7
"Tobler ES",2018-2019,02290,Clark,21.1
"Tobler ES",2020-2021,02290,Clark,31.8
"Tobler ES",2021-2022,02290,Clark,39.4
"Tobler ES",2022-2023,02290,Clark,33.3
"Tobler ES",2023-2024,02290,Clark,16.9
"Tom Williams Elementary School",2024-2025,02242,Clark,25.3
"Tomiyasu ES",2018-2019,02265,Clark,12.7
"Tomiyasu ES",2020-2021,02265,Clark,18.2
"Tomiyasu ES",2021-2022,02265,Clark,42.2
"Tomiyasu ES",2022-2023,02265,Clark,38.8
"Tomiyasu ES",2023-2024,02265,Clark,32.8
"Tony Alamo Elementary School",2024-2025,02178,Clark,18.7
"Treem ES",2018-2019,02127,Clark,13.3
"Treem ES",2020-2021,02127,Clark,20.8
"Treem ES",2021-2022,02127,Clark,51.9
"Treem ES",2022-2023,02127,Clark,44.1
"Treem ES",2023-2024,02127,Clark,41.4
"Triggs ES",2018-2019,02082,Clark,13.3
"Triggs ES",2020-2021,02082,Clark,13.1
"Triggs ES",2021-2022,02082,Clark,34.6
"Triggs ES",2022-2023,02082,Clark,28.3
"Triggs ES",2023-2024,02082,Clark,21.7
"Twin Lakes Elementary School",2024-2025,02243,Clark,17.4
"Twin Lakes ES",2018-2019,02243,Clark,14.0
"Twin Lakes ES",2020-2021,02243,Clark,24.3
"Twin Lakes ES",2021-2022,02243,Clark,37.5
"Twin Lakes ES",2022-2023,02243,Clark,32.4
"Twin Lakes ES",2023-2024,02243,Clark,25.2
"Twitchell ES",2018-2019,02176,Clark,9.0
"Twitchell ES",2020-2021,02176,Clark,8.1
"Twitchell ES",2021-2022,02176,Clark,25.2
"Twitchell ES",2022-2023,02176,Clark,16.1
"Twitchell ES",2023-2024,02176,Clark,12.1
"Tyrone Thompson Elementary School",2024-2025,02060,Clark,23.5
"Ulis Newton Elementary School",2024-2025,02146,Clark,20.6
"Ullom ES",2018-2019,02214,Clark,26.0
"Ullom ES",2020-2021,02214,Clark,26.8
"Ullom ES",2021-2022,02214,Clark,45.6
"Ullom ES",2022-2023,02214,Clark,43.0
"Ullom ES",2023-2024,02214,Clark,38.0
"Ute Perkins Elementary School",2024-2025,02114,Clark,32.3
"Vail Pittman Elementary School",2024-2025,02244,Clark,32.5
"Vanderburg ES",2018-2019,02154,Clark,8.1
"Vanderburg ES",2020-2021,02154,Clark,5.8
"Vanderburg ES",2021-2022,02154,Clark,13.1
"Vanderburg ES",2022-2023,02154,Clark,15.6
"Vanderburg ES",2023-2024,02154,Clark,13.9
"Variety Elementary School",2024-2025,02935,Clark,48.7
"Variety ES",2018-2019,02935,Clark,48.6
"Variety ES",2020-2021,02935,Clark,52.9
"Variety ES",2021-2022,02935,Clark,66.7
"Variety ES",2022-2023,02935,Clark,45.2
"Variety ES",2023-2024,02935,Clark,60.5
"Variety JR/SR High School",2024-2025,02911,Clark,43.0
"Variety SEC",2018-2019,02911,Clark,46.1
"Variety SEC",2020-2021,02911,Clark,34.7
"Variety SEC",2021-2022,02911,Clark,52.3
"Variety SEC",2022-2023,02911,Clark,44.2
"Variety SEC",2023-2024,02911,Clark,40.7
"Vassiliadis ES",2018-2019,02069,Clark,<5
"Vassiliadis ES",2020-2021,02069,Clark,<5
"Vassiliadis ES",2021-2022,02069,Clark,17.1
"Vassiliadis ES",2022-2023,02069,Clark,12.6
"Vassiliadis ES",2023-2024,02069,Clark,9.0
"Vegas Verdes Elementary School",2024-2025,02245,Clark,21.3
"Vegas Verdes ES",2018-2019,02245,Clark,16.8
"Vegas Verdes ES",2020-2021,02245,Clark,27.4
"Vegas Verdes ES",2021-2022,02245,Clark,40.8
"Vegas Verdes ES",2022-2023,02245,Clark,36.5
"Vegas Verdes ES",2023-2024,02245,Clark,26.0
"Victoria Fertitta Middle School",2024-2025,02347,Clark,6.0
"Vincent L Triggs Elementary School",2024-2025,02082,Clark,22.7
"Virgin Valley Elementary School",2024-2025,02255,Clark,18.8
"Virgin Valley ES",2018-2019,02255,Clark,13.0
"Virgin Valley ES",2020-2021,02255,Clark,19.5
"Virgin Valley ES",2021-2022,02255,Clark,31.9
"Virgin Valley ES",2022-2023,02255,Clark,22.9
"Virgin Valley ES",2023-2024,02255,Clark,17.7
"Von Tobel MS",2018-2019,02301,Clark,30.7
"Von Tobel MS",2020-2021,02301,Clark,58.5
"Von Tobel MS",2021-2022,02301,Clark,50.5
"Von Tobel MS",2022-2023,02301,Clark,48.7
"Von Tobel MS",2023-2024,02301,Clark,44.1
"Walker International ES",2018-2019,02183,Clark,14.5
"Walker International ES",2020-2021,02183,Clark,16.2
"Walker International ES",2021-2022,02183,Clark,25.9
"Walker International ES",2022-2023,02183,Clark,22.6
"Walker International ES",2023-2024,02183,Clark,26.7
"Wallin ES",2018-2019,02077,Clark,5.8
"Wallin ES",2020-2021,02077,Clark,7.1
"Wallin ES",2021-2022,02077,Clark,19.7
"Wallin ES",2022-2023,02077,Clark,25.1
"Wallin ES",2023-2024,02077,Clark,19.9
"Walter Bracken Elementary School",2024-2025,02246,Clark,8.4
"Walter Jacobson Elementary School",2024-2025,02123,Clark,17.1
"Walter Johnson Junior High School Academy of International Studies",2024-2025,02323,Clark,23.5
"Walter V Long Elementary School",2024-2025,02270,Clark,29.4
"Ward (Gene) ES",2018-2019,02258,Clark,24.7
"Ward (Gene) ES",2020-2021,02258,Clark,40.3
"Ward (Gene) ES",2021-2022,02258,Clark,47.0
"Ward (Gene) ES",2022-2023,02258,Clark,38.8
"Ward (Gene) ES",2023-2024,02258,Clark,31.3
"Ward (Kitty) ES",2018-2019,02100,Clark,15.3
"Ward (Kitty) ES",2020-2021,02100,Clark,8.0
"Ward (Kitty) ES",2021-2022,02100,Clark,25.3
"Ward (Kitty) ES",2022-2023,02100,Clark,21.2
"Ward (Kitty) ES",2023-2024,02100,Clark,13.3
"Warren ES",2018-2019,02238,Clark,8.3
"Warren ES",2020-2021,02238,Clark,21.0
"Warren ES",2021-2022,02238,Clark,48.3
"Warren ES",2022-2023,02238,Clark,45.0
"Warren ES",2023-2024,02238,Clark,41.2
"Wasden ES",2018-2019,02247,Clark,29.2
"Wasden ES",2020-2021,02247,Clark,38.9
"Wasden ES",2021-2022,02247,Clark,49.7
"Wasden ES",2022-2023,02247,Clark,41.5
"Wasden ES",2023-2024,02247,Clark,39.1
"Watson ES",2018-2019,02177,Clark,17.0
"Watson ES",2020-2021,02177,Clark,20.5
"Watson ES",2021-2022,02177,Clark,39.0
"Watson ES",2022-2023,02177,Clark,33.2
"Watson ES",2023-2024,02177,Clark,32.2
"Wayne N Tanaka Elementary School",2024-2025,02190,Clark,16.7
"Webb MS",2018-2019,02355,Clark,10.0
"Webb MS",2020-2021,02355,Clark,19.6
"Webb MS",2021-2022,02355,Clark,26.2
"Webb MS",2022-2023,02355,Clark,27.9
"Webb MS",2023-2024,02355,Clark,20.4
"Wendell Williams Elementary School",2024-2025,02224,Clark,52.0
"Wengert ES",2018-2019,02259,Clark,15.5
"Wengert ES",2020-2021,02259,Clark,25.7
"Wengert ES",2021-2022,02259,Clark,42.0
"Wengert ES",2022-2023,02259,Clark,34.4
"Wengert ES",2023-2024,02259,Clark,29.9
"West Prep ES",2018-2019,02089,Clark,13.6
"West Prep ES",2020-2021,02089,Clark,18.7
"West Prep ES",2021-2022,02089,Clark,34.4
"West Prep ES",2022-2023,02089,Clark,24.0
"West Prep ES",2023-2024,02089,Clark,14.6
"West Prep Sec",2018-2019,02330,Clark,26.3
"West Prep Sec",2020-2021,02330,Clark,58.9
"West Prep Sec",2021-2022,02330,Clark,44.6
"West Prep Sec",2022-2023,02330,Clark,42.5
"West Prep Sec",2023-2024,02330,Clark,38.5
"West Preparatory Academy Elementary School",2024-2025,02089,Clark,21.3
"West Preparatory Institute JR/SR High School",2024-2025,02330,Clark,32.8
"White MS",2018-2019,02326,Clark,14.7
"White MS",2020-2021,02326,Clark,32.3
"White MS",2021-2022,02326,Clark,28.5
"White MS",2022-2023,02326,Clark,24.9
"White MS",2023-2024,02326,Clark,18.9
"Whitney Elementary School",2024-2025,02256,Clark,30.3
"Whitney ES",2018-2019,02256,Clark,38.7
"Whitney ES",2020-2021,02256,Clark,40.4
"Whitney ES",2021-2022,02256,Clark,53.8
"Whitney ES",2022-2023,02256,Clark,48.6
"Whitney ES",2023-2024,02256,Clark,34.8
"Wiener ES",2018-2019,02142,Clark,20.5
"Wiener ES",2020-2021,02142,Clark,23.0
"Wiener ES",2021-2022,02142,Clark,43.9
"Wiener ES",2022-2023,02142,Clark,45.1
"Wiener ES",2023-2024,02142,Clark,37.9
"Wilbur & Theresa Faiss Middle School",2024-2025,02362,Clark,18.3
"Wilhelm ES",2018-2019,02149,Clark,27.5
"Wilhelm ES",2020-2021,02149,Clark,33.0
"Wilhelm ES",2021-2022,02149,Clark,42.0
"Wilhelm ES",2022-2023,02149,Clark,45.4
"Wilhelm ES",2023-2024,02149,Clark,33.3
"Will Beckley Elementary School",2024-2025,02248,Clark,30.4
"William & Mary Scherkenbach Elementary School",2024-2025,02188,Clark,15.5
"William E Ferron Elementary School",2024-2025,02257,Clark,17.8
"William E Orr Middle School",2024-2025,02312,Clark,45.8
"William E Snyder Elementary School",2024-2025,02175,Clark,29.3
"William G Bennett Elementary School",2024-2025,02292,Clark,34.9
"William K Moore Elementary School",2024-2025,02282,Clark,38.6
"William Lummis Elementary School",2024-2025,02141,Clark,16.5
"William V Wright Elementary School",2024-2025,02200,Clark,24.7
"Williams (Tom) ES",2018-2019,02242,Clark,11.3
"Williams (Tom) ES",2020-2021,02242,Clark,23.8
"Williams (Tom) ES",2021-2022,02242,Clark,42.6
"Williams (Tom) ES",2022-2023,02242,Clark,37.9
"Williams (Tom) ES",2023-2024,02242,Clark,24.0
"Williams (Wendell) ES",2018-2019,02224,Clark,39.5
"Williams (Wendell) ES",2020-2021,02224,Clark,72.1
"Williams (Wendell) ES",2021-2022,02224,Clark,75.5
"Williams (Wendell) ES",2022-2023,02224,Clark,64.2
"Williams (Wendell) ES",2023-2024,02224,Clark,52.9
"Wing and Lilly Fong Elementary School",2024-2025,02119,Clark,32.8
"Wolfe (Eva) ES",2018-2019,02152,Clark,15.2
"Wolfe (Eva) ES",2020-2021,02152,Clark,21.3
"Wolfe (Eva) ES",2021-2022,02152,Clark,39.6
"Wolfe (Eva) ES",2022-2023,02152,Clark,40.8
"Wolfe (Eva) ES",2023-2024,02152,Clark,26.6
"Wolff (Elise) ES",2018-2019,02287,Clark,8.1
"Wolff (Elise) ES",2020-2021,02287,Clark,9.6
"Wolff (Elise) ES",2021-2022,02287,Clark,26.8
"Wolff (Elise) ES",2022-2023,02287,Clark,22.1
"Wolff (Elise) ES",2023-2024,02287,Clark,17.7
"Woodbury MS",2018-2019,02314,Clark,26.3
"Woodbury MS",2020-2021,02314,Clark,62.1
"Woodbury MS",2021-2022,02314,Clark,45.8
"Woodbury MS",2022-2023,02314,Clark,44.5
"Woodbury MS",2023-2024,02314,Clark,42.1
"Woolley ES",2018-2019,02116,Clark,18.1
"Woolley ES",2020-2021,02116,Clark,19.0
"Woolley ES",2021-2022,02116,Clark,49.4
"Woolley ES",2022-2023,02116,Clark,47.4
"Woolley ES",2023-2024,02116,Clark,36.7
"Wright ES",2018-2019,02200,Clark,10.3
"Wright ES",2020-2021,02200,Clark,14.8
"Wright ES",2021-2022,02200,Clark,37.7
"Wright ES",2022-2023,02200,Clark,28.9
"Wright ES",2023-2024,02200,Clark,25.1
"Wynn ES",2018-2019,02121,Clark,18.7
"Wynn ES",2020-2021,02121,Clark,30.6
"Wynn ES",2021-2022,02121,Clark,41.7
"Wynn ES",2022-2023,02121,Clark,42.3
"Wynn ES",2023-2024,02121,Clark,38.7
